v_dot_hat,omega_dot_hat,v_dot_measured,omega_dot_measured
0.000000,0.000000,0.000000,0.000000
1.304742,-0.029131,2.071225,-0.030268
1.596395,0.000845,2.054969,0.029410
1.724432,0.002561,2.036922,0.001498
1.797759,0.002991,2.018741,0.000000
-3.037604,0.080976,-3.554484,0.082636
-3.236574,-0.005738,-3.526630,-0.078689
-3.308875,-0.014178,-3.495591,-0.005444
-3.343806,-0.015237,-3.464387,-0.000225
-6.694690,0.107287,-6.791719,0.208453
-6.704068,-0.034531,-6.722530,-0.172310
-6.721372,-0.054399,-6.744058,-0.039325
-6.738889,-0.041696,-6.748451,0.003155
-6.901889,-0.061960,-6.739285,-0.065977
-6.776755,-0.071258,-6.742614,-0.056687
-6.764782,0.108853,-6.849589,0.426094
-6.685185,-0.001400,-6.698391,-0.234673
4.655062,-0.205962,4.524007,-0.277530
4.849873,-0.040033,5.235885,0.199099
4.898493,-0.024748,5.191269,0.013683
4.914387,-0.018442,5.144998,0.000421
6.400252,-0.024327,6.600608,-0.047985
6.396328,-0.011850,6.545074,0.045620
6.377888,-0.008223,6.487030,0.003138
6.346314,-0.005336,6.429132,0.000067
6.303818,-0.002789,6.371725,-0.000037
1.687631,0.008997,1.686372,0.089172
1.670524,0.003149,1.665974,-0.086307
1.653328,0.003443,1.650541,-0.006181
1.636035,0.003709,1.635753,-0.000284
1.618665,0.003933,1.621135,-0.000013
3.432310,0.000251,3.465472,-0.027599
3.399312,0.003340,3.435808,0.026262
3.369231,0.004015,3.405263,0.001814
3.341648,0.004550,3.374844,0.000070
3.316000,0.004986,3.344687,-0.000007
0.518398,0.011732,0.502649,0.041836
0.512576,0.007427,0.496185,-0.039810
0.507062,0.006920,0.491513,-0.002796
0.501806,0.006515,0.487104,-0.000124
0.496765,0.006156,0.482751,-0.000005
6.331773,-0.011454,6.398461,-0.112664
6.292391,0.002428,6.347201,0.109212
6.256800,0.003757,6.290917,0.007167
6.224389,0.004610,6.234754,0.000173
6.193869,0.005292,6.179077,-0.000039
4.380842,0.012895,4.321766,0.044463
4.348408,0.007070,4.280717,-0.043761
4.311690,0.006777,4.242467,-0.003212
4.271281,0.006628,4.204562,-0.000166
4.228404,0.006466,4.166992,-0.000017
-7.593216,0.178940,-6.967549,0.703855
-7.455870,0.062291,-6.786865,-0.411675
-7.395277,0.007808,-6.801466,-0.346215
-7.369449,0.055312,-6.983722,0.408057
-7.295424,-0.075561,-6.617110,-1.279141
4.779641,0.048912,-0.133025,0.555400
4.794715,0.046751,5.048423,0.337143
4.811689,0.036006,5.019946,0.033127
4.836237,0.033513,4.975342,0.001335
4.868526,0.031804,4.930862,-0.001338
-6.888468,-0.007669,-6.887683,0.460381
-6.921112,-0.075258,-6.696315,-0.645636
-6.934695,-0.070778,-6.753102,-0.338015
-6.948998,-0.005442,-7.002744,0.748405
-6.931704,-0.031834,-6.867939,0.138968
2.939683,-0.011311,0.651170,-0.628143
2.948308,0.025645,3.246327,0.241142
2.942917,0.013910,3.223201,0.021044
2.941877,0.013041,3.194555,0.000972
2.944645,0.013152,3.166015,0.000021
-4.972716,-0.009695,-5.243621,0.128867
-4.983024,-0.021004,-5.203011,-0.124852
-4.976088,-0.015195,-5.157302,-0.008079
-4.952147,-0.015216,-5.111286,-0.000211
-4.911720,-0.015642,-5.065630,0.000112
5.006711,0.011943,5.380804,-0.162195
4.954996,0.025020,5.340718,0.158239
4.921256,0.017509,5.293863,0.010251
4.903018,0.017445,5.246624,0.000266
4.898165,0.017832,5.199761,-0.000035
0.271938,0.005629,0.286178,0.074411
0.272465,0.000340,0.279951,-0.072361
0.272940,0.004012,0.277058,-0.005091
0.273380,0.004240,0.274556,-0.000224
-3.207313,-0.005075,-3.385458,0.054363
-3.214766,-0.009533,-3.357764,-0.051761
-3.215352,-0.007325,-3.328079,-0.003581
-3.209258,-0.007580,-3.298364,-0.000146
-1.423950,-0.003066,-1.408337,-0.027641
-1.415255,-0.001480,-1.394446,0.026309
-1.405519,-0.003048,-1.381822,0.001846
-1.394803,-0.003348,-1.369462,0.000084
-7.041130,-0.032828,-6.694313,-0.342048
-6.970769,0.004886,-6.917136,0.521108
-6.868493,-0.042972,-6.681118,-0.505237
-6.761437,0.016068,-6.969109,0.767234
-5.309077,-0.040300,-6.683864,-0.288227
-5.251356,-0.028241,-5.922379,-0.198999
-5.210176,-0.014055,-5.520000,0.038139
-5.187722,-0.016549,-5.469758,0.004730
2.740807,-0.005127,2.844239,-0.127985
2.734418,0.007949,2.825209,0.123622
2.723510,0.000393,2.800679,0.008600
2.708417,0.000253,2.775705,0.000361
2.349829,0.000043,2.396347,0.005269
2.330074,-0.000052,2.374685,-0.005018
2.307764,0.000628,2.353434,-0.000357
2.283015,0.000996,2.332401,-0.000022
1.795270,0.000465,1.830375,0.007149
1.772055,0.000162,1.813681,-0.006814
1.747557,0.000877,1.797432,-0.000482
1.721807,0.001171,1.781368,-0.000026
-1.660142,-0.005080,-1.740174,0.052215
-1.634232,-0.009362,-1.727095,-0.049689
-1.610193,-0.006268,-1.711965,-0.003473
-1.588040,-0.006210,-1.696687,-0.000146
7.296530,-0.013936,6.849800,-0.750110
7.177386,0.083635,6.481358,1.130724
7.072106,-0.033337,6.888277,-0.724689
6.972906,0.045715,6.636395,0.450344
6.674852,-0.000975,6.782604,-0.218049
6.637066,-0.001908,6.905458,-0.779616
6.607744,0.101629,6.556010,0.793763
6.604524,0.020755,6.721483,0.025917
2.425794,0.020091,5.517262,0.225541
2.455203,-0.005261,2.418018,-0.142248
2.468337,0.009736,2.337542,-0.009863
2.480825,0.011028,2.316440,-0.000444
1.984348,0.011055,1.764942,0.007877
1.988406,0.010144,1.748799,-0.007516
1.990045,0.010998,1.733129,-0.000531
1.988873,0.011112,1.717639,-0.000028
2.534479,0.011386,2.277028,-0.008552
2.532106,0.012623,2.257083,0.008127
2.524662,0.011870,2.236960,0.000562
2.512027,0.011865,2.216973,0.000018
-1.845361,0.010492,-2.334546,0.067485
-1.892629,0.000696,-2.316839,-0.064229
-1.923261,0.006629,-2.296526,-0.004478
-1.943120,0.006462,-2.276035,-0.000188
-5.629996,0.005202,-6.093274,0.073805
-5.638511,-0.005994,-6.043369,-0.072005
-5.636428,0.000230,-5.990036,-0.004789
-5.627456,-0.000438,-5.936587,-0.000120
2.887971,0.004233,2.985918,-0.144101
2.877419,0.021620,2.967192,0.138782
2.867954,0.007603,2.941656,0.009642
2.859604,0.007051,2.915429,0.000403
0.009553,0.005630,-0.078055,0.044189
0.008488,0.000346,-0.079433,-0.042036
0.007470,0.004655,-0.078970,-0.002951
0.006495,0.004881,-0.078281,-0.000129
-3.112959,0.002924,-3.332137,0.048367
-3.106698,-0.003514,-3.304634,-0.046047
-3.098569,0.000654,-3.275391,-0.003186
-3.088738,0.000358,-3.246145,-0.000129
-0.529302,0.001625,-0.560501,-0.039513
-0.527085,0.005968,-0.553623,0.037598
-0.524809,0.001903,-0.548442,0.002640
-0.522472,0.001509,-0.543524,0.000117
5.337834,0.004610,5.567526,-0.101612
5.316948,0.017905,5.522826,0.098768
5.300206,0.008470,5.473898,0.006381
5.287908,0.008641,5.425022,0.000148
5.280305,0.009412,5.376567,-0.000035
5.925374,0.010007,6.001844,-0.021540
5.927120,0.013566,5.949302,0.020493
5.929958,0.012091,5.896093,0.001351
5.928628,0.012513,5.843427,0.000004
5.917929,0.012984,5.791238,-0.000035
-2.536645,0.013319,-2.977993,0.141719
-2.591612,-0.006976,-2.958162,-0.136515
-2.617846,0.006509,-2.932285,-0.009464
-2.627971,0.006824,-2.906134,-0.000392
-2.628329,0.006232,-2.880168,-0.000003
0.490970,0.006779,0.379261,-0.048142
0.484052,0.012646,0.378152,0.045806
0.477290,0.007744,0.375059,0.003215
0.470679,0.007311,0.371727,0.000139
0.464213,0.007204,0.368406,0.000003
-3.178282,0.005945,-3.412141,0.056152
-3.161828,-0.001704,-3.384275,-0.053459
-3.142716,0.003335,-3.354372,-0.003699
-3.121984,0.003175,-3.324426,-0.000151
-3.100332,0.002661,-3.294721,0.000004
0.888930,0.004212,0.856451,-0.061364
0.882087,0.011419,0.851707,0.058386
0.875249,0.005317,0.844458,0.004096
0.868429,0.004943,0.836936,0.000177
0.861625,0.004980,0.829459,0.000003
-2.878768,0.003319,-3.057009,0.057707
-2.857770,-0.004001,-3.032394,-0.054933
-2.836650,0.001345,-3.005639,-0.003811
-2.815615,0.001308,-2.978809,-0.000157
-2.794789,0.000893,-2.952192,0.000003
-1.991493,0.000906,-2.113242,-0.012058
-1.976836,0.001976,-2.093789,0.011489
-1.962373,0.000462,-2.075005,0.000808
-1.948092,0.000083,-2.056458,0.000041
-1.933983,-0.000209,-2.038081,0.000007
5.350026,0.002755,5.523758,-0.122811
5.311618,0.018142,5.480426,0.119072
5.272960,0.006238,5.431975,0.007682
5.234273,0.006089,5.383477,0.000184
5.195881,0.006708,5.335392,-0.000036
-4.523207,0.004023,-4.744454,0.153676
-4.490175,-0.015418,-4.709423,-0.148027
-4.456939,-0.000387,-4.668156,-0.010122
-4.424022,0.000011,-4.626513,-0.000412
-4.391653,-0.000611,-4.585176,0.000000
1.429140,0.001709,1.447498,-0.089161
1.418366,0.011975,1.438797,0.084834
1.407618,0.003097,1.426466,0.005946
1.396922,0.002649,1.413753,0.000255
1.386285,0.002806,1.401121,0.000004
-6.507256,0.002722,-6.763114,0.230380
-6.461632,-0.026806,-6.711110,-0.215383
-6.416829,-0.004688,-6.655889,-0.015421
-6.372318,-0.004045,-6.594489,-0.004012
-6.327747,-0.004553,-6.535646,-0.000204
4.687008,-0.001910,4.845249,-0.190346
4.652887,0.021407,4.812684,0.183033
4.619035,0.002312,4.770915,0.012480
4.585379,0.001700,4.728355,0.000500
4.551823,0.002375,4.686105,0.000001
3.850306,0.002860,3.955139,0.010161
3.821628,0.002266,3.919318,-0.009698
3.793032,0.003901,3.884244,-0.000681
3.764560,0.004541,3.849533,-0.000040
3.736279,0.005095,3.815134,-0.000012
-4.326799,0.003541,-4.505886,0.123230
-4.294691,-0.012051,-4.471366,-0.117395
-4.262767,-0.000020,-4.432125,-0.008068
-4.231218,0.000143,-4.392579,-0.000332
-4.200087,-0.000523,-4.353331,0.000002
5.186425,0.001299,5.324242,-0.151285
5.148105,0.020285,5.284010,0.146347
5.109789,0.005119,5.237517,0.009426
5.071633,0.004877,5.190766,0.000234
5.033837,0.005615,5.144400,-0.000036
-7.016296,0.007732,-6.840442,0.290294
-6.961396,-0.028745,-6.790672,-0.173548
-6.908323,-0.011453,-6.799780,-0.050444
-6.858664,0.001326,-6.921961,0.494742
-6.803934,-0.067916,-6.665512,-0.646466
-2.699740,0.007541,-4.272348,-0.071420
-2.668950,0.015985,-2.745925,0.138168
-2.649204,-0.000778,-2.716909,0.013731
-2.629463,-0.002911,-2.692509,0.000746
-2.609691,-0.003506,-2.668443,0.000036
-5.322743,-0.004011,-5.455396,0.048036
-5.282542,-0.011254,-5.409282,-0.047473
-5.241871,-0.006655,-5.361253,-0.003074
-5.200913,-0.007228,-5.313383,-0.000060
-5.160164,-0.008113,-5.265924,0.000033
-0.704677,-0.009052,-0.679479,-0.069204
-0.698874,-0.000119,-0.669918,0.067418
-0.693129,-0.008054,-0.663531,0.004742
-0.687424,-0.008624,-0.657574,0.000210
-0.681756,-0.008656,-0.651696,0.000008
4.415927,-0.009020,4.588711,-0.077724
4.382390,0.002207,4.551376,0.074032
4.347670,-0.005559,4.511150,0.005086
4.312169,-0.005254,4.470869,0.000207
4.277046,-0.004400,4.430919,-0.000006
-4.086704,-0.003908,-4.167158,0.127320
-4.053823,-0.020885,-4.135939,-0.121266
-4.020705,-0.007261,-4.099710,-0.008361
-3.987578,-0.006935,-4.063125,-0.000346
-3.955239,-0.007529,-4.026820,0.000001
-6.556211,-0.007038,-6.690342,0.067207
-6.507021,-0.017320,-6.634534,-0.065662
-6.459838,-0.010538,-6.575501,-0.004383
-6.414274,-0.010871,-6.516793,-0.000094
-6.369949,-0.011632,-6.458600,0.000039
-1.126657,-0.014547,-1.069547,-0.100070
-1.117217,-0.000342,-1.054624,0.096695
-1.107921,-0.011562,-1.044843,0.006886
-1.098741,-0.012230,-1.035484,0.000309
-1.089673,-0.012121,-1.026230,0.000012
-4.119299,-0.010845,-4.134340,0.046220
-4.090852,-0.017725,-4.099600,-0.044013
-4.062805,-0.012782,-4.063213,-0.003023
-4.035127,-0.012602,-4.026916,-0.000119
-4.007760,-0.012724,-3.990932,0.000007
-5.570222,-0.011595,-5.585024,0.033059
-5.534393,-0.016883,-5.536795,-0.033148
-5.498837,-0.013191,-5.487331,-0.002130
-5.463084,-0.013066,-5.438312,-0.000025
-5.426524,-0.013137,-5.389736,0.000034
1.845017,-0.018635,2.065196,-0.114620
1.849295,0.000155,2.052202,0.110651
1.848164,-0.012029,2.034407,0.007730
1.843337,-0.012254,2.016273,0.000328
1.835921,-0.011668,1.998258,0.000004
-2.330375,-0.009117,-2.280584,0.063451
-2.309622,-0.018227,-2.263249,-0.060389
-2.288709,-0.011012,-2.243390,-0.004211
-2.267640,-0.010393,-2.223363,-0.000177
-2.246427,-0.010247,-2.203496,0.000001
3.287387,-0.013195,3.464017,-0.084054
3.265852,-0.000087,3.436998,0.080020
3.241891,-0.008909,3.406797,0.005551
3.216453,-0.009020,3.376400,0.000231
3.190182,-0.008542,3.346232,-0.000002
-3.810792,-0.005664,-3.831974,0.106352
-3.776623,-0.020597,-3.802868,-0.101281
-3.742570,-0.008709,-3.769485,-0.006997
-3.708731,-0.007959,-3.735827,-0.000290
-3.675189,-0.007990,-3.702444,0.000002
7.292639,-0.046367,6.935299,-0.974284
7.205911,0.106487,6.619545,0.687268
7.130447,0.051459,6.508154,1.144355
7.073906,-0.131980,6.901207,-0.594949
7.015425,-0.052596,6.862164,-0.398821
-1.477254,0.017991,1.418187,0.361185
-1.487597,-0.039858,-1.468401,-0.204424
-1.476349,-0.008489,-1.463651,-0.018679
-1.465152,-0.005653,-1.450737,-0.000916
-1.454066,-0.005551,-1.437779,-0.000026
-5.262294,-0.002343,-5.352437,0.063927
-5.224351,-0.013579,-5.307749,-0.062758
-5.187173,-0.004272,-5.260531,-0.003990
-5.150916,-0.003980,-5.213545,-0.000075
2.591571,-0.010981,2.754897,-0.119494
2.575527,0.009835,2.735951,0.115309
2.558608,-0.007550,2.712141,0.008031
2.541125,-0.008438,2.687959,0.000339
6.902775,-0.017382,6.772197,-0.281518
6.848384,0.029353,6.703417,0.121892
6.793133,0.020345,6.621588,0.469086
6.741939,-0.052716,6.735535,-0.043582
-0.444504,-0.045101,0.884894,-0.145783
-0.451062,-0.022879,-0.439010,-0.112199
-0.447534,-0.005237,-0.437453,-0.008471
-0.444022,-0.003900,-0.433586,-0.000386
7.105893,0.003643,6.588456,0.496532
7.052183,-0.096849,6.961498,-1.028462
6.989528,0.077282,6.719445,0.040806
6.925401,0.085288,6.544580,0.840529
0.228170,-0.063779,2.191368,-0.191821
0.209791,-0.030172,0.216708,-0.144229
0.207988,-0.004501,0.210461,-0.012531
0.206233,-0.002247,0.208489,-0.000613
-0.892104,-0.002000,-0.923057,0.016809
-0.884696,-0.005107,-0.915606,-0.016011
-0.877377,-0.002309,-0.907522,-0.001120
-0.870150,-0.002158,-0.899419,-0.000046
2.000750,-0.002535,2.058643,-0.043936
1.984275,0.005628,2.042322,0.041806
1.967710,-0.001664,2.024329,0.002919
1.951068,-0.002040,2.006259,0.000122
7.422136,-0.001602,6.689607,0.033540
7.352522,-0.004748,6.695971,0.167255
7.287851,-0.040632,6.843024,-0.481248
7.222329,0.044586,6.768080,-0.106896
6.489587,0.072341,6.587074,0.641848
6.438424,-0.052712,6.852941,-0.607536
6.385606,0.059990,6.734515,-0.105909
6.333477,0.087879,6.566135,0.603183
-0.869357,-0.025638,1.144412,-0.011692
-0.878781,-0.023792,-0.922825,-0.123465
-0.871770,-0.000163,-0.918964,-0.009538
-0.864774,0.001595,-0.910830,-0.000443
3.504000,0.000188,3.601132,-0.066994
3.476175,0.013656,3.572125,0.063768
3.448583,0.001667,3.540574,0.004415
3.421220,0.001070,3.508957,0.000182
-0.420888,0.002503,-0.460729,0.058632
-0.417516,-0.009059,-0.459364,-0.055782
-0.414150,0.001613,-0.455588,-0.003915
-0.410809,0.002320,-0.451540,-0.000170
0.059858,0.002161,0.034967,-0.007192
0.059418,0.003564,0.034994,0.006839
0.058980,0.002242,0.034723,0.000480
0.058546,0.002141,0.034416,0.000021
3.817023,0.000796,3.914453,-0.057644
3.786788,0.012496,3.882204,0.054885
3.756782,0.002223,3.847821,0.003789
3.727028,0.001757,3.813453,0.000154
-1.742980,0.003944,-1.835683,0.083616
-1.729087,-0.012761,-1.823189,-0.079566
-1.715257,0.002380,-1.807370,-0.005564
-1.701523,0.003299,-1.791255,-0.000237
3.000995,0.001497,3.063603,-0.072034
2.977155,0.015979,3.039645,0.068561
2.953507,0.002995,3.012881,0.004766
2.930082,0.002276,2.985980,0.000198
2.564636,0.002563,2.606161,0.005240
2.544375,0.001684,2.582625,-0.004996
2.524336,0.002804,2.559520,-0.000355
2.504523,0.003026,2.536647,-0.000022
5.725537,0.001416,5.855462,-0.064800
5.682713,0.015000,5.806263,0.063508
5.641528,0.003171,5.754399,0.004109
5.602261,0.002738,5.702994,0.000077
-6.440540,0.010922,-6.705040,0.224079
-6.398135,-0.036416,-6.657537,-0.217187
-6.350732,0.004873,-6.599711,-0.014367
