time,x,z,x_dot,z_dot,pitch_deg,pitch_dot,goal_x,dist_to_goal,tau_cmd,ctrl_cmd,solve_success,gp_v,gp_omega,gp_std,gp_v_std,gp_w_std,r_v,r_omega,gp_active_points,rls_err_v,rls_err_omega,a_g,a_tau,a_omega,a_v,a_0,b_tau,b_v,b_sin,b_0
0.0,0.0,0.1512,0.0,0.0,-0.0,-0.0,8.0,8.0,-7.999999986623136,7.999999986623136,1,0.0,0.0,1.0,1.0,1.0,0.0,0.0,0,0.0,0.0,27.669526383828885,-2.7652381907046517,0.0,0.0,0.0,2.306805074971165,-9.0,0.0,0.0
0.05000000000000004,0.01045841884252273,0.152583478236456,0.4147339419417186,0.05631157018060455,0.517924957717768,0.3118938327668738,8.0,7.989541581157478,-8.0,8.0,1,0.0,0.0,1.0,1.0,1.0,26.749119407745873,-43.55355521713841,0,0.13640720989405075,-0.21875320581202473,27.01293847243713,2.487465091646295,0.0,0.0,-0.6565879113917543,-0.9686056623804586,-9.0,0.0,0.4094263428535581
0.10000000000000007,0.04144109479030759,0.15675244149203493,0.8242129249630694,0.10994172195070269,1.7938320554559128,0.5835139935379227,8.0,7.958558905209692,-7.999999850690793,7.999999850690793,1,0.0,0.0,1.0,1.0,1.0,3.763913496005256,-1.0231229728158473,0,1.4982701988831248,-0.3648631028156082,27.007479350374016,2.531496204776835,-0.34173730658938545,-0.45441764273773927,-0.6620917987101714,-1.152159565875721,-7.133983933407621,0.04067092888970654,0.43237057330550044
0.1500000000000001,0.09284068889006884,0.1636040788956455,1.2313712480921095,0.16498329603099668,3.890316650601912,0.8872841442182368,8.0,7.907159311109931,6.331155843664717,-6.331155843664717,1,0.0,0.0,1.0,1.0,1.0,4.372168170052889,0.5691655112832477,0,1.8138983657137864,0.21032434821403356,27.00746432892399,2.529328205161195,-0.15353422469183667,-0.1736382106571604,-0.6618207870526053,-1.1954735341638387,-4.462046782301208,0.1716028777888305,0.43778491928964863
0.20000000000000015,0.1507442683792976,0.16050150466558594,1.1301435441247116,-0.3072493930968398,1.6941170290933623,-2.1026287228034786,8.0,7.849255731620702,-7.999998036463974,7.999998036463974,1,0.0,0.0,1.0,1.0,1.0,10.589183683864707,-101.74519865525795,0,0.7429197763372732,-4.218655987491253,5.090840377466499,-3.684456031559657,-5.792467940567744,-7.78802639743864,-22.602329130669254,-0.5930916087290564,-2.7567356706943924,0.2797058522948963,4.363069480248659
0.25000000000000017,0.22577003214185043,0.15344842930518748,1.9775527025226396,0.24549160841396855,1.3775495972596121,0.9584517747992781,8.0,7.774229967858149,11.999998586564182,-11.999998586564182,1,0.0,0.0,1.0,1.0,1.0,10.947619888261805,45.88186117588414,0,5.578212542322534,2.434969995508723,6.25252179963352,-3.614839741081369,-21.01897468452089,0.7600307261613777,-21.435903416264335,-0.9627124761472392,1.9414416173994038,0.23990258193555353,1.4670726097514244
0.3000000000000002,0.31542741975192545,0.15907472865558084,1.5427795754727223,0.28820950109456117,-3.565403474992481,-1.8875460580236938,8.0,7.684572580248075,11.99997678782044,-11.99997678782044,1,0.0,0.0,1.0,1.0,1.0,-2.4550572833719695,20.28597658207216,0,-0.7642409862989954,6.317259150184427,6.926202760673653,-3.1318315048183902,-20.790476142260545,4.12912419673958,-20.818335126060994,-1.0230226839479495,1.5320620650239722,0.4050300559093522,1.3055786207987836
0.35000000000000026,0.37561933811472387,0.18296995861875007,0.8830426654934763,0.5990871586985534,-10.126639237388279,-3.2096505933606845,8.0,7.624380661885276,-7.999960033716255,7.999960033716255,1,0.0,0.0,1.0,1.0,1.0,-4.562514462833013,-20.56795680572096,0,-2.6822945416458754,-4.943019254881513,3.782400711524225,-3.810938993177423,-16.92010628912441,8.097996077595383,-23.97387459898942,-1.135826492737433,1.8540001280075862,1.2285159544511226,0.33353315776366843
0.4000000000000003,0.4239812856519718,0.2017264868801783,0.9995574960212971,0.12791807911186553,-13.5601539793348,0.42384328614154776,8.0,7.576018714348028,-7.99993366608947,7.99993366608947,1,0.0,0.0,1.0,1.0,1.0,-8.510961174082414,0.974410594255005,0,-5.899963349562855,0.4575398934398436,3.7675200474224457,-3.8188905788050116,-17.05082266116468,8.146286390724079,-23.96816370705972,-0.9738845856126399,0.4289096171193929,4.772797958985891,0.8996512555561109
0.45000000000000034,0.4752699911631191,0.19572329436585542,1.0516169458106406,-0.36539509092416383,-8.004771864551332,3.4193303104736104,8.0,7.524730008836881,1.09506811536536,-1.09506811536536,1,0.0,0.0,1.0,1.0,1.0,-6.959134787102586,48.748730201435095,0,-4.928579732052274,33.26320377678937,-1.4268575544827096,-4.9614571346024645,-13.654284207504661,20.59499887910509,-26.456317183412573,-0.8628830946403208,-0.7420468302639196,7.5823470785696045,1.5862831170395308
0.5000000000000003,0.5275752389770612,0.1654286257284012,1.0404996271479732,-0.8471739542073204,0.9205158152073158,2.818492297713904,8.0,7.472424761022939,4.50051486641095,-4.50051486641095,1,0.0,0.0,1.0,1.0,1.0,0.972519395255512,46.31610341164276,0,0.8405377474061893,24.371542095691574,-0.4708939590539052,-5.102788169940964,-8.586019420128917,22.835578705466943,-24.989941019352727,-0.8563932583805608,-0.7836302340347128,7.337631391730207,1.7208097405868616
0.5500000000000004,0.5720276721911272,0.14666179674379543,0.8997384008986851,0.16708611623560723,-0.2964753783956775,-0.11740434356030145,8.0,7.427972327808873,-1.2361211048271725,1.2361211048271725,1,0.0,0.0,1.0,1.0,1.0,0.015661743745722045,-9.852766124853147,0,0.013230504300548063,-7.109664830771649,-1.2569366839343346,-5.174089137801892,-9.153185036126617,23.49019309317173,-25.708784072282388,-0.8561966841700144,-0.7853108583059993,7.338641889835085,1.7240887498064887
0.6000000000000004,0.6205332900018743,0.1507217275548945,1.0278628161937065,0.019169702325210876,-0.04650080803298173,0.054533523499275566,8.0,7.379466709998126,-0.922358691064475,0.922358691064475,1,0.0,0.0,1.0,1.0,1.0,0.524584524648787,1.799008037510288,0,0.4797150607771776,1.6354313422553703,-1.1113371096977522,-5.16805996896898,-9.172273940421595,23.37868132456793,-25.58526191911693,-0.8556071725609593,-0.8026235632627737,7.372793389994227,1.785440542068428
0.6500000000000005,0.6738874147880008,0.15100901953025295,1.1061031584947072,0.0006367954496642218,0.005823795563557201,0.002853056922556262,8.0,7.326112585211999,-0.47413480587022183,0.47413480587022183,1,0.0,0.0,1.0,1.0,1.0,-0.17883979073081324,-2.6336965057432735,0,-0.16468985795998514,-2.4300634585216834,-1.2105147338614402,-5.167120833154732,-9.165881344935878,23.338531569997052,-25.64793132571116,-0.8553571582388658,-0.807800854803319,7.3582722046717155,1.7768309723640727
0.7000000000000005,0.7300696467149699,0.15101653321822492,1.141120196865662,1.4007056912196183e-06,0.004452204883954822,-0.0005509355753685309,8.0,7.26993035328503,-0.16454478421795485,0.16454478421795485,1,0.0,0.0,1.0,1.0,1.0,-0.5892816554011187,-1.4482183327546407,0,-0.5432613754912983,-1.3385025954109422,-1.237931634036054,-5.1653473312500315,-9.162071728661788,23.271814791743697,-25.655604513942034,-0.8541080902928546,-0.8410461659746054,7.310686093159488,1.768180499596156
0.7500000000000006,0.7872611524864903,0.15101634736489022,1.1465214231612124,-2.2077880113743895e-06,0.0012294313015024864,-0.00048900272531162,8.0,7.21273884751351,-0.15486909586010145,0.15486909586010145,1,0.0,0.0,1.0,1.0,1.0,-0.8415283201098639,-0.5161417486247051,0,-0.7783729479838529,-0.47849635228479714,-1.243994893423658,-5.164685835400188,-9.160820917912545,23.243763608168404,-25.655067343980875,-0.8523777018783155,-0.8938427614342175,7.247586697077026,1.7655620184417231
0.8000000000000006,0.8446977822151925,0.15101630229330953,1.1509357663276805,-2.099670570945087e-07,0.0006398082232792532,-4.7687145144337995e-05,8.0,7.155302217784808,-0.17397287620542726,0.17397287620542726,1,0.0,0.0,1.0,1.0,1.0,-0.7846277602029046,-0.5459142750633933,0,-0.7293913539864753,-0.5085128290662492,-1.249144257023094,-5.163960300766682,-9.15966222223113,23.214501537929188,-25.65365690646641,-0.850792274207451,-0.9416268801392593,7.192587557717124,1.7653578419083014
0.8500000000000006,0.9023992395556512,0.151016301758483,1.1571137405015435,2.0987435017817236e-08,0.0007527721233987129,2.3216774312295623e-05,8.0,7.097600760444349,-0.16400704694456578,0.16400704694456578,1,0.0,0.0,1.0,1.0,1.0,-0.7061414004400387,-0.7130066999477798,0,-0.659290038354601,-0.6669301545592816,-1.2542389533227298,-5.162937905314466,-9.158393012988677,23.176425825370114,-25.65063812654053,-0.8493492318587674,-0.9837372217179775,7.1458755375425085,1.7672243499278946
0.9000000000000007,0.9603846616688588,0.15101630058492113,1.162295149609014,-1.687126069012712e-08,0.0006903309442530633,-1.4174863016191449e-05,8.0,7.039615338331141,-0.1453065653538724,0.1453065653538724,1,0.0,0.0,1.0,1.0,1.0,-0.664693455856254,-0.7601771023072856,0,-0.6228992133254785,-0.7135754390212916,-1.2579937762735596,-5.161794326211869,-9.157244990142816,23.13571175820767,-25.646186631952478,-0.8479912724545459,-1.0228522795707724,7.104300669188983,1.7709139394361155
0.9500000000000007,1.018583716637457,0.15101629717031875,1.1656614248699952,-3.614964451664116e-08,0.0005153624360728295,-2.887044205956279e-05,8.0,6.9814162833625435,-0.13732463603201997,0.13732463603201997,1,0.0,0.0,1.0,1.0,1.0,-0.6380364866622337,-0.7368114700614387,0,-0.5999668037152923,-0.6938971171989957,-1.2604465409614969,-5.1606749991591725,-9.15627131889931,23.096659589382273,-25.6410954143485,-0.8467136520831349,-1.0595792093212368,7.066565714394303,1.7757178900775763
1.0000000000000007,1.0769313947136554,0.1510162951498147,1.1682415356323919,-1.8011644195165555e-08,0.0004164206899238663,-1.4177957560735841e-05,8.0,6.923068605286344,-0.133920842110998,0.133920842110998,1,0.0,0.0,1.0,1.0,1.0,-0.605343270168121,-0.7300014832872691,0,-0.5710477986239535,-0.6895843211466485,-1.2620631239782545,-5.159569697667198,-9.155417803919402,23.058798622317045,-25.63561111488977,-0.8455317630443897,-1.0933904748197354,7.032638413311244,1.7809975141014383
1.0499999999999952,1.135399421005716,0.15101629424166899,1.170476040006108,-8.011393529770594e-09,0.0003718547177525963,-6.467766069487067e-06,8.0,6.864600578994284,-0.13048227293732562,0.13048227293732562,1,0.0,0.0,1.0,1.0,1.0,-0.5722486976142853,-0.7315215936762816,0,-0.5414094896379746,-0.692955400631843,-1.2630417811576709,-5.15847011437475,-9.154658927237756,23.021788208680277,-25.629814280413594,-0.8444429015140692,-1.124351451799825,7.002164998917644,1.786474248148207
1.0999999999999897,1.1939705236710614,0.1510162935383113,1.1723651239247523,-6.816719647460238e-09,0.0003351012423777134,-5.914344513040649e-06,8.0,6.806029476328939,-0.12850434691217008,0.12850434691217008,1,0.0,0.0,1.0,1.0,1.0,-0.5428964087280723,-0.7267324819748806,0,-0.515009040983657,-0.6901769627533971,-1.2634909192338681,-5.157390323469918,-9.153986081233223,22.98595842667532,-25.623841862280074,-0.843437476465187,-1.152801155698085,6.974637387858865,1.79201794596427
1.1499999999999841,1.2526309674049465,0.15101629308721654,1.1740500332930563,-4.2442287013211265e-09,0.00031130372738279616,-3.7313855347947005e-06,8.0,6.747369032595054,-0.12652453310056602,0.12652453310056602,1,0.0,0.0,1.0,1.0,1.0,-0.5152420629157823,-0.723360773862523,0,-0.4899667065297806,-0.688581315441076,-1.2635052653722452,-5.156329521470595,-9.153387021797224,22.9512213934394,-25.617746167077563,-0.8425083955264391,-1.17895921223621,6.949706851698799,1.7975289195217128
1.1999999999999786,1.3113705882074032,0.15101629268849404,1.1755325142993456,-3.98863588814039e-09,0.000289882198851716,-3.526312913766676e-06,8.0,6.688629411792597,-0.12518203484349844,0.12518203484349844,1,0.0,0.0,1.0,1.0,1.0,-0.4903579380647498,-0.7170630472329174,0,-0.4673435244063644,-0.6840493917775932,-1.2631566040470408,-5.155293440813575,-9.152854203348356,22.917679403092137,-25.611597417364628,-0.8416475359461582,-1.2030921462175124,6.927022363349394,1.8029568209150586
1.2499999999999731,1.3701808187419278,0.15101629239122155,1.176874651934923,-2.947928740951239e-09,0.00027411799544048784,-2.5587472484244694e-06,8.0,6.629819181258072,-0.12384275784899552,0.12384275784899552,1,0.0,0.0,1.0,1.0,1.0,-0.46723433036612194,-0.711086316878776,0,-0.4462176171556389,-0.6796853570448946,-1.2625045263403418,-5.154281741291613,-9.152379526419585,22.8852720042127,-25.60542785553988,-0.8408484614983291,-1.225398430735219,6.906318302238269,1.8082620049438245
1.2999999999999676,1.4290546823671308,0.15101629211822676,1.178078047610452,-2.7271781001118872e-09,0.00025947083565620106,-2.4472026077934296e-06,8.0,6.570945317632869,-0.12286203767194488,0.12286203767194488,1,0.0,0.0,1.0,1.0,1.0,-0.44621977381833955,-0.7035057958334737,0,-0.42695224348652316,-0.6736620156581684,-1.2615993482145447,-5.1532969694273705,-9.151956860451953,22.85402259190678,-25.599278214665258,-0.840104827372049,-1.2460792328887869,6.887347142323769,1.8134253709122434
1.3499999999999621,1.4879861218330095,0.15101629190811947,1.1791778515095792,-2.027896249360889e-09,0.0002480191676911595,-1.8957234726055918e-06,8.0,6.51201387816699,-0.1218882066207103,0.1218882066207103,1,0.0,0.0,1.0,1.0,1.0,-0.4266988842098516,-0.6961006857543323,0,-0.4089856827564693,-0.6676918829409088,-1.2604820917211206,-5.152338484472282,-9.15158024177172,22.82387291868298,-25.593167843468184,-0.8394114589600921,-1.2652920606468272,6.869913623458603,1.818431647678869
1.3999999999999566,1.5469699978942661,0.15101629171466896,1.1801756654850375,-1.934684095191823e-09,0.00023725912750174785,-1.8186225055361094e-06,8.0,6.453030002105734,-0.12114110293005437,0.12114110293005437,1,0.0,0.0,1.0,1.0,1.0,-0.40881509005961525,-0.6877806008241009,0,-0.3924765139103741,-0.6607397773987734,-1.2591887729036297,-5.15140728254646,-9.151244808134608,22.794812534512978,-25.587121121172736,-0.8387634514742035,-1.2831889567406376,6.853839238126982,1.823275749066562
1.449999999999951,1.6060017706143872,0.15101629155528104,1.1810938439140226,-1.6374294869303166e-09,0.00022853511428975822,-1.4650954753583955e-06,8.0,6.393998229385613,-0.12040306499535751,0.12040306499535751,1,0.0,0.0,1.0,1.0,1.0,-0.3921609105572794,-0.679629890428708,0,-0.37705199006311596,-0.653855788781546,-1.2577485116390552,-5.150502510934473,-9.150946035129179,22.766785694263117,-25.581149283666807,-0.8381567232956799,-1.2998926650656384,6.838979326371808,1.8279536999158452
1.4999999999999456,1.6650774980225485,0.15101629140228587,1.1819339706975172,-1.5903333062786566e-09,0.00022030200721882267,-1.404709914745646e-06,8.0,6.334922501977451,-0.11981786445684767,0.11981786445684767,1,0.0,0.0,1.0,1.0,1.0,-0.3767998567890243,-0.6709611217893633,0,-0.3627879036032111,-0.6463874242981712,-1.2561873817706604,-5.149624351860082,-9.15068009317721,22.739767083625416,-25.57526686289734,-0.8375874613400531,-1.3155193918480095,6.825202354896997,1.8324669733695307
1.54999999999994,1.7241936568035405,0.15101629127580013,1.1827111975524698,-1.2503828189033383e-09,0.00021345643017414088,-1.1629025495373579e-06,8.0,6.275806343196459,-0.11924268870674172,0.11924268870674172,1,0.0,0.0,1.0,1.0,1.0,-0.36244956171906106,-0.6624739677259732,0,-0.34942522221704175,-0.639016004304868,-1.254526382541311,-5.148771857927829,-9.150443498781536,22.713704936401406,-25.569479944059637,-0.8370524409639609,-1.3301650869467516,6.812399534655774,1.8368170326548816
1.5999999999999346,1.7833471401235483,0.15101629116095908,1.1834270449611362,-1.1226179818524427e-09,0.00020698281395873196,-1.114256682643535e-06,8.0,6.216652859876452,-0.1187746798227337,0.1187746798227337,1,0.0,0.0,1.0,1.0,1.0,-0.3491367049191534,-0.6537099076261653,0,-0.33700011268962515,-0.6313064841443284,-1.2527845386792102,-5.147944775310053,-9.150233235213134,22.688568033869366,-25.563796891507494,-0.8365486679590588,-1.3439197554522506,6.800472033938075,1.8410083565691449
1.649999999999929,1.8425351464627582,0.15101629106452966,1.184092197527098,-9.821139229583301e-10,0.00020149151111591756,-9.427358815222664e-07,8.0,6.157464853537242,-0.1183168942479119,0.1183168942479119,1,0.0,0.0,1.0,1.0,1.0,-0.33665968750323905,-0.6451358502682644,0,-0.3253271034012075,-0.623715867921799,-1.2509771489109098,-5.1471421400446244,-9.15004659126514,22.664309312784397,-25.55822050405949,-0.8360735756390546,-1.356859065012107,6.789336742794582,1.8450449705081573
1.6999999999999236,1.901755176880316,0.15101629096986413,1.1847080824265073,-1.0224707042364124e-09,0.00019629376983913035,-9.01776833633557e-07,8.0,6.098244823119684,-0.11793631850269035,0.11793631850269035,1,0.0,0.0,1.0,1.0,1.0,-0.3250265453221377,-0.6364358458049928,0,-0.314421502066613,-0.6159445708469313,-1.249118176543061,-5.146363469453727,-9.149881182230443,22.640896088132955,-25.552755204714778,-0.8356247867985989,-1.3690536542903222,6.778918091158069,1.8489325812099617
1.749999999999918,1.9610049617988046,0.15101629088556287,1.1852824419663184,-8.846761403448166e-10,0.00019181400644192341,-7.757583241112096e-07,8.0,6.038995038201195,-0.11756575572397768,0.11756575572397768,1,0.0,0.0,1.0,1.0,1.0,-0.3140901962926068,-0.6279280997840905,0,-0.30414763353462293,-0.608305591180398,-1.2472188471718142,-5.1456078277307515,-9.149734878099713,22.618286105219727,-25.547401695454035,-0.8352002395908659,-1.3805638127814437,6.769151631358146,1.8526762992407537
1.7999999999999126,2.020282458113238,0.15101629080858534,1.1858165989539502,-7.538932675701615e-10,0.00018757370119430546,-7.409434650181682e-07,8.0,5.979717541886762,-0.11725192753575303,0.11725192753575303,1,0.0,0.0,1.0,1.0,1.0,-0.3038487212033625,-0.6193905198810226,0,-0.2945091801966899,-0.6005885423967923,-1.2452894522917073,-5.144874620888734,-9.149605784213104,22.59644741939106,-25.542161856833392,-0.8347980261080505,-1.391445673668518,6.7599786707814795,1.8562821541206285
1.849999999999907,2.079585799018648,0.15101629074503672,1.1863162790297936,-6.140728887378805e-10,0.00018386720503574873,-6.474424976291503e-07,8.0,5.920414200981352,-0.11694762504547994,0.11694762504547994,1,0.0,0.0,1.0,1.0,1.0,-0.294192984563203,-0.6110424937358894,0,-0.28540523531671047,-0.5930102952818062,-1.243338268903364,-5.144162964834699,-9.149492212704406,22.575342359232206,-25.53703506488929,-0.8344164743756838,-1.4017477716395763,6.7513485427965385,1.8597555695814705
1.8999999999999015,2.138913291078617,0.151016290684258,1.1867826954280665,-6.522917570815674e-10,0.00018035718329081394,-6.178296674528615e-07,8.0,5.861086708921383,-0.1166856569672369,0.1166856569672369,1,0.0,0.0,1.0,1.0,1.0,-0.28511573167566984,-0.6027257847395984,0,-0.2768328972935541,-0.5854211584394353,-1.2413729019724848,-5.143472222589783,-9.149392649570897,22.55494078901031,-25.532021562518796,-0.8340540373092941,-1.41151523007838,6.743215020432113,1.863102442405387
1.949999999999896,2.198263378787995,0.15101629062642882,1.1872201495824175,-6.500454178942154e-10,0.00017725175984721855,-5.463753194285542e-07,8.0,5.8017366212120045,-0.11643261230147413,0.11643261230147413,1,0.0,0.0,1.0,1.0,1.0,-0.2765348796899274,-0.5945926193818462,0,-0.2687161218207983,-0.5779723937616129,-1.239399471073782,-5.142801572451594,-9.14930574659021,22.53520924096533,-25.52711990395827,-0.8337093466056177,-1.420787509429704,6.735537768821085,1.8663281098454505
1.9999999999998905,2.257634641724207,0.15101629057063617,1.1876297464999692,-5.834436223049707e-10,0.0001743128933941759,-5.202056289228622e-07,8.0,5.7423653582757925,-0.11621157656383417,0.11621157656383417,1,0.0,0.0,1.0,1.0,1.0,-0.26844040639015,-0.5865294080935204,0,-0.2610483039161309,-0.5705567519645722,-1.2374235997078336,-5.142150373739182,-9.14923028670115,22.516119837769672,-25.52232928652733,-0.8333811356167214,-1.4296012697934197,6.728279916968802,1.8694381181847337
2.0499999999998852,2.3170257690412175,0.15101629052421053,1.1880147626150666,-4.3409156126834805e-10,0.00017168536109737076,-4.6540273300344026e-07,8.0,5.6829742309587825,-0.11599877060723661,0.11599877060723661,1,0.0,0.0,1.0,1.0,1.0,-0.2607698075647755,-0.5786418741475996,0,-0.2537714402163693,-0.5632798840770794,-1.2354498141230628,-5.141517870182091,-9.149165184925257,22.49764288026959,-25.517647773561286,-0.8330682748499043,-1.4379888917682846,6.7214089877261936,1.8724375191426916
2.0999999999998797,2.3764355567636066,0.1510162904832107,1.1883761984443426,-4.0470143086873085e-10,0.00016919734205894578,-4.4328811408574036e-07,8.0,5.623564443236393,-0.11581041362715157,0.11581041362715157,1,0.0,0.0,1.0,1.0,1.0,-0.25351180690729436,-0.5708478458735836,0,-0.2468769635515442,-0.5560643981295538,-1.2334822670290781,-5.140903440002388,-9.149109457015603,22.479752880604376,-25.51307391152243,-0.8327697179806225,-1.4459804505891087,6.714895235889377,1.8753314173904738
2.1499999999998742,2.429393834253668,0.15220810657018255,0.29642454472551716,0.1330944251793915,-0.3776208612848588,-0.9527660914737185,8.0,5.570606165746332,-6.143065749324638,6.143065749324638,1,0.0,0.0,1.0,1.0,1.0,-18.09245897579267,-19.618534264882246,0,-17.63041445538621,-19.12263385213098,-1.1652808144400526,-5.120106581324397,-9.147464190637908,21.87612180278478,-25.357426477805337,-0.8118473428720441,-2.005168789472313,6.261297041405007,2.0802373777742966
2.1999999999998687,2.4289774594655467,0.1517622994577301,-0.10351967242135379,-0.2033226218861521,-0.525642203464044,1.0970248816320467,8.0,5.571022540534454,-6.138247513213055,6.138247513213055,1,0.0,0.0,1.0,1.0,1.0,-14.430705877944916,20.86533692371474,0,-11.87186851691893,16.247454356388427,2.267987952311688,-4.938541018944108,-9.756149348248629,16.200448640310597,-21.95489466871592,-0.8722164468688259,1.209618108150745,6.041062377966989,-1.8038445969614236
2.249999999999863,2.4269175108049885,0.15011765479172176,-0.024342799679942233,0.024944673493298933,0.034109448737452856,-0.1272948145491273,8.0,5.573082489195011,-7.999998577934499,7.999998577934499,1,0.0,0.0,1.0,1.0,1.0,-1.7858580545417289,-22.73357517264433,0,-1.2514436858064284,-15.381724405364363,-1.5502619562173185,-5.149131684759253,-10.035169934691663,22.74745297889816,-25.79747756965481,-0.8893177952473157,1.7115031572442891,6.063709858766615,-2.391068529665721
2.2999999999998577,2.425659798798845,0.15067041592808073,-0.026532721323546643,0.00330241476427272,-0.05673085853735379,0.008075126910361817,8.0,5.574340201201155,-7.999999541600872,7.999999541600872,1,0.0,0.0,1.0,1.0,1.0,-4.729218082806598,-11.861596480033919,0,-3.8256334057954255,-9.460324313351867,-2.94835713478039,-5.2052182676645105,-9.911036589430667,25.097218309126298,-27.17634599111248,-0.9018758845347783,2.5433830216393205,5.928108642760109,-3.374786891813785
2.349999999999852,2.424433945266455,0.1508047468998079,-0.022040403097150905,0.002713011608880769,-0.02068626461251476,0.01457203251413212,8.0,5.575566054733545,-7.999999696433172,7.999999696433172,1,0.0,0.0,1.0,1.0,1.0,-3.6770208754583256,-10.64117358486689,0,-3.085143778019629,-8.859792525782924,-3.9785355372221085,-5.243782505324146,-9.850625785535502,26.827974945553922,-28.190629177730948,-0.9102557050450795,3.0886642745272597,5.851544702807296,-4.019310562995469
2.3999999999998467,2.423456527723159,0.15094583232836659,-0.01715951796769798,0.002831876168317594,0.022204496994846685,0.014912137953960443,8.0,5.576543472276841,-7.999999775543808,7.999999775543808,1,0.0,0.0,1.0,1.0,1.0,-3.0949290311009747,-9.039448864999212,0,-2.6686244765351264,-7.7527865765680275,-4.723204896901397,-5.270958316794354,-9.808852312533137,28.07776925187844,-28.92309139263644,-0.9160964709284724,3.481268288759952,5.7911353050324035,-4.483709902539697
2.449999999999841,2.4211434922136594,0.15448994855042186,-0.09973719645616475,0.22865115409178977,1.0928016378138905,1.2092615034341323,8.0,5.578856507786341,-7.999999292396401,7.999999292396401,1,0.0,0.0,1.0,1.0,1.0,-4.439122648960049,15.993689838025208,0,-3.9055814213086357,14.01648203947197,-3.5779905643651313,-5.230306657908637,-9.871844005604688,26.1581653618744,-27.797884715283598,-0.9230849917857795,3.9719766969889263,5.706554935543506,-5.0647061973237255
2.4999999999998357,2.4152974178464035,0.17609056393641231,-0.1332591804160077,0.6424014973313587,7.766213589399498,3.543942461575185,8.0,5.5847025821535965,-4.573621195877477,4.573621195877477,1,0.0,0.0,1.0,1.0,1.0,-2.7030933900520684,50.772977102835654,0,-2.3681977683099507,43.3896128621714,-0.702811055825916,-5.204603745219911,-8.710930359181603,21.25160023345109,-24.97676898255481,-0.9299121700890184,4.276517241302304,5.572872709639652,-5.42129565583979
2.54999999999983,2.4106341533640725,0.2119534035568262,-0.012017933593383733,0.7652347313334819,19.77102808004601,4.819787855726221,8.0,5.5893658466359275,2.7489997835276236,-2.7489997835276236,1,0.0,0.0,1.0,1.0,1.0,3.4098701146001122,61.08916232990201,0,2.8051037599610718,43.907979276777795,1.5006501989675636,-5.050239065762796,-5.467189309497122,16.19481535595441,-21.442325449896316,-0.9011292629546496,3.793783669643314,6.35919092556042,-4.855472086112529
2.5999999999998247,2.4063150608070365,0.239382074314861,-0.1717374227418773,0.34121441137972736,30.548209176975355,2.5753721679376453,8.0,5.593684939192963,1.0476729597065992,-1.0476729597065992,1,0.0,0.0,1.0,1.0,1.0,2.0328065166418536,15.570248876072846,0,1.3363630158462945,10.159072394025486,1.5074918873775913,-4.889199069893648,-4.828829623208112,14.568302212025584,-19.57659185625142,-0.8729744312432288,3.507889701308831,7.173850889196301,-4.515430669055535
2.649999999999819,2.396018706512172,0.24985408948742371,-0.2352258981394844,0.08875759850067381,35.34369917635264,0.7726283761666182,8.0,5.603981293487828,-2.0325571410765346,2.0325571410765346,1,0.0,0.0,1.0,1.0,1.0,1.1164846410906184,2.2836990326518603,0,0.7249574796896592,1.8004539825944477,1.3507190196608088,-4.858682993807308,-4.833550756115261,14.233460292991134,-19.035650810700893,-0.8666449645374238,3.429286355344266,7.718719147851814,-4.420970320822511
2.6999999999998137,2.3868493073354173,0.25316885809147055,-0.1313329566724897,0.047562427202689106,37.068230997262056,0.43124560792585476,8.0,5.613150692664583,-1.917431707577356,1.917431707577356,1,0.0,0.0,1.0,1.0,1.0,1.078856667170332,8.313284639272602,0,0.756769070451806,6.852710418040672,0.4003587811490289,-4.7663209918799305,-5.026612632307274,13.061814502889717,-16.7385762542094,-0.8678771264520679,3.4126832690833426,8.225927514381814,-4.39870249472811
2.749999999999808,2.382746507883949,0.25452439786555103,-0.03274756264632231,0.0068100112752451526,37.770033521609385,0.062362725268599165,8.0,5.617253492116051,-1.8679686919216107,1.8679686919216107,1,0.0,0.0,1.0,1.0,1.0,0.19620644641531992,3.7855213556413156,0,0.1484666026344037,3.2316392733425863,-0.08492292954048847,-4.731434487522783,-5.111723508765646,12.62991984218584,-15.75060485074006,-0.8683057266513534,3.413618095833347,8.304448272427626,-4.398991305210191
2.7999999999998026,2.3835123027163387,0.2537694352972599,0.06335409593593061,-0.03768062399287103,37.38780569215747,-0.3327610452613989,8.0,5.616487697283661,-2.133796797497524,2.133796797497524,1,0.0,0.0,1.0,1.0,1.0,-0.2755780778479806,-0.1905324582994421,0,-0.21976244174132176,-0.16635856603978283,-0.060408799094509524,-4.732946888018472,-5.107340368689884,12.648140818724212,-15.796658330381396,-0.8675124435222146,3.4086806045885827,8.208386124447596,-4.3946493428630085
2.849999999999797,2.389413285597835,0.25099875505705654,0.17259389477223414,-0.07473844827493689,36.012375331735406,-0.6381210108917513,8.0,5.6105867144021655,-2.34394556254594,2.34394556254594,1,0.0,0.0,1.0,1.0,1.0,-0.4717912940223896,-2.8625258999715113,0,-0.3912358966481002,-2.5476983137992777,0.2807737203026483,-4.751920368122196,-5.039215959936496,12.878010893923955,-16.414950008593955,-0.8657348811329373,3.3948845296836145,8.06166454839919,-4.381447414095801
2.8999999999997916,2.4010273599560166,0.24636489538133421,0.29181920654191373,-0.11312944598220698,33.80525321751612,-0.9180539489149778,8.0,5.598972640043984,-2.5573710634755047,2.5573710634755047,1,0.0,0.0,1.0,1.0,1.0,-0.5891542404399965,-5.987362111979393,0,-0.504206094923541,-5.430749821330433,0.8954577366403007,-4.784518591033346,-4.897594650055093,13.27633721060668,-17.52355968216729,-0.8631247446924867,3.372521081681627,7.897073811441694,-4.35964498114885
2.949999999999786,2.4188508273326654,0.2396777834034509,0.4209023921905312,-0.15767478847746452,30.79758000481866,-1.2007233228516117,8.0,5.581149172667335,-2.812135741682102,2.812135741682102,1,0.0,0.0,1.0,1.0,1.0,-0.643897171194979,-9.480229289733852,0,-0.5652155823024261,-8.734339045454547,1.665819232181819,-4.826208933397655,-4.674344415533941,13.794124860425981,-18.96233136730262,-0.8598897517011145,3.34328344080907,7.734495333665522,-4.331067306644506
2.9999999999997806,2.4438838559527656,0.23133740925401405,0.7218303728719877,0.06276103361950863,27.28036702408499,0.43589005394162905,8.0,5.556116144047234,1.8646420951437985,-1.8646420951437985,1,0.00013840012061887,0.0013507610217439185,38.12997274683184,38.12997274683184,38.12997274683184,2.564191678017047,25.273161812499016,20,2.297626473253616,23.54481305468915,0.23790260975802346,-4.740113304547207,-5.273156654368224,12.686497559335576,-16.018120859475527,-0.8743371317948192,3.4774364013645793,8.320518124607595,-4.461642925535872
3.049999999999775,2.480761876458115,0.24051168418255875,0.6660895217039456,0.0888297240791562,31.079573501215876,0.6831743287937652,8.0,5.519238123541885,2.9668992785877446,-2.9668992785877446,1,0.0002377709352540774,0.0020713925975464533,38.12997267091865,38.12997267091865,38.12997267091865,-1.3466356528177115,22.731996699450196,20,-1.2426623502748524,21.8540838493759,-0.858333863315055,-4.620329769884329,-5.361487664048887,12.102786001354529,-13.929411240973483,-0.8751438884723046,3.44048708234278,8.101880453896518,-4.437229284292387
3.0999999999997696,2.5064137525802286,0.24129208775026578,0.3612925726943533,0.001169484865312792,31.431011004324493,0.008852181758200111,8.0,5.493586247419771,-0.9096259180794968,0.9096259180794968,1,0.004605613458063996,0.04488515642348093,38.12990920208835,38.12990920208835,38.12990920208835,-5.536336093995002,10.487434208135419,20,-5.046267798570055,9.917119529255558,-1.5878771182962748,-4.552608609538847,-5.390338717508693,11.775084626176934,-12.69721149145135,-0.887120692723688,3.3504210619054313,7.2551409122345945,-4.394660891051791
3.149999999999764,2.526546970351035,0.24144918029350074,0.44383404643445096,-0.0009672779176833991,31.552084707357064,0.001534231291308313,8.0,5.473453029648965,-0.8037752025323198,0.8037752025323198,1,0.03576261516253518,0.3508479458208858,38.12610478049635,38.12610478049635,38.12610478049635,0.2447106790728344,5.558033146710203,20,0.227093836585317,5.3184751844010885,-1.8930414415091612,-4.5307262794016125,-5.445041407834965,11.549914240070304,-12.095525009349135,-0.8874969240922802,3.354679018329317,7.2921202575973245,-4.398208322383675
3.1999999999997586,2.5505448674453866,0.24140264918045728,0.5160221566614714,3.676692309376269e-05,31.538804793851153,0.0004235908840468494,8.0,5.449455132554613,-0.3275289520807557,0.3275289520807557,1,0.03382646270767585,0.33568919640973266,38.12647617322158,38.12647617322158,38.12647617322158,-0.17607111518627883,4.9269188957655325,20,-0.16363388286651337,4.745375461964259,-2.2372986579541427,-4.515453245744392,-5.48454312020846,11.40322432433939,-11.543175012146865,-0.8871091298469796,3.3499549984065533,7.264755403810862,-4.393917873225715
3.249999999999753,2.5770078804867746,0.24138607269370635,0.5424706407124897,0.00017633475246346496,31.525227612927942,0.0002620115863382642,8.0,5.422992119513225,-0.1956532145000512,0.1956532145000512,1,0.028354679595500122,0.28738797738777744,38.127448988558086,38.127448988558086,38.127448988558086,-0.8963359427302451,6.085827087796076,20,-0.835537163966166,5.875128989235471,-2.6859648203379005,-4.496544223426216,-5.529467922962728,11.251671186154018,-10.865667922654799,-0.8853026439601013,3.323366519659617,7.129781440728616,-4.369803102356627
3.2999999999997476,2.6044737949365704,0.24138567440485717,0.5561481920481112,3.395936923916276e-05,31.522226113020867,-9.905225508396312e-05,8.0,5.39552620506343,-0.20427510889973377,0.20427510889973377,1,0.02639691364918262,0.2735462770615095,38.12771912690059,38.12771912690059,38.12771912690059,-1.0606638268993334,6.165974155953716,20,-0.9923008410957759,5.96224483055245,-3.144386838712216,-4.478229670084716,-5.572037869668675,11.11454750443063,-10.193195047480051,-0.8832392405376144,3.2916355641904547,6.977496753462211,-4.340923571125403
3.349999999999742,2.6326409630644143,0.24138683339427347,0.5705165948365108,-3.82384736458015e-06,31.522497965697003,-3.271874754629098e-05,8.0,5.367359036935586,-0.213808068557676,0.213808068557676,1,0.025689385409307732,0.27193667594495025,38.12777484604026,38.12777484604026,38.12777484604026,-1.030808940978492,5.778236423932323,20,-0.9675731229140592,5.596763020415145,-3.578826708468782,-4.462517553478488,-5.608921550057339,11.000268505713814,-9.57462684576839,-0.8811823583661185,3.260631268146777,6.835863850566374,-4.312446407441161
3.3999999999997366,2.66154573902575,0.24138359620815722,0.5856253023883878,-0.0008496009487192083,31.521198721045565,-0.006485945559462232,8.0,5.33845426097425,-0.22186744767820857,0.22186744767820857,1,0.02572059100633257,0.2778318342213237,38.12770502213402,38.12770502213402,38.12770502213402,-1.008045015084627,5.266137707024205,20,-0.9489142053808841,5.1086350024364044,-3.981010052979505,-4.4495110891082374,-5.6398056356514825,10.909094933312868,-9.019493096458696,-0.8791082039858052,3.229968342552253,6.702723045807175,-4.284029588637911
3.449999999999731,2.6912240051235266,0.2414007158932632,0.6014361102739583,8.994543067923287e-05,31.528822438273473,0.0007698247744707244,8.0,5.3087759948764734,-0.1933742152428035,0.1933742152428035,1,0.024029612781653747,0.26486616769269206,38.12793518554218,38.12793518554218,38.12793518554218,-0.9906283482520819,5.145784575902999,20,-0.934844233636952,4.9985176964998335,-4.379820916448883,-4.437972511702034,-5.667891172098884,10.83185297652872,-8.484648459685404,-0.8770022442459401,3.1993737829493503,6.576498764242103,-4.255437690194124
3.4999999999997256,2.72161858439209,0.24138788611686532,0.6143456154235437,-0.0003433971123082377,31.522824484012105,-0.0027308338392049883,8.0,5.27838141560791,-0.199409187127145,0.199409187127145,1,0.023460897288948256,0.2635627115017003,38.12797546252015,38.12797546252015,38.12797546252015,-1.019212257265322,4.779401154344981,20,-0.9640197480253447,4.648107785358489,-4.756423529347997,-4.4281810301253035,-5.691454983511817,10.770778834215877,-7.993703849527223,-0.8748224092180988,3.167683937295962,6.451274218058016,-4.225665909661428
3.54999999999972,2.747318195066915,0.2427278623717265,0.10945631686639402,0.12484174096957876,30.86483038568538,-0.7727084874571778,8.0,5.252681804933085,-5.319907309355911,5.319907309355911,1,0.19988603842217414,2.605399169840208,37.930803879765655,37.930803879765655,37.930803879765655,-11.365592915291357,-10.866864973798643,20,-10.772954055260453,-10.57935795826694,-3.8915416849924402,-4.448375800434807,-5.6417942439077775,10.88892020251221,-9.094934823809238,-0.85003146618332,2.811962132636708,5.102156223777359,-3.889454696071279
3.5999999999997145,2.74980118776168,0.25157729146522334,0.07862885575060559,0.16153317853775073,28.57153284907754,-0.7733617426971343,8.0,5.25019881223832,-6.659295773610235,6.659295773610235,1,0.016878209230351857,0.5230545613617951,38.11559477452796,38.11559477452796,38.11559477452796,-4.17445003970038,-16.7939791831025,20,-3.9147158657635597,-15.879423520186092,-3.4286935987786147,-4.444166015867059,-5.399711111534337,11.49224361810232,-10.2633722167318,-0.8273012531998838,2.7445451974527937,4.681521577989369,-3.8050953816022326
3.649999999999709,2.7560697292760405,0.25983846153168705,0.13946784547189803,0.18480858141834466,26.133354902204033,-0.9771214101852139,8.0,5.2439302707239595,-7.372398534732111,7.372398534732111,1,0.00013357281337402613,0.004868514402299128,38.12997140703785,38.12997140703785,38.12997140703785,-2.9421328147351975,-25.47523935816459,20,-2.747527515009792,-24.064700282980485,-2.9522280136559407,-4.395987264334464,-5.0957615094385105,12.215597448675558,-11.593330166587876,-0.8078990350295461,2.685772101381916,4.403661788409733,-3.732986316591118
3.6999999999997035,2.7636730608762714,0.27111710213422774,0.16700619342700565,0.2595472821331534,22.90890564229417,-1.2876936979911742,8.0,5.236326939123728,-7.999998990452058,7.999998990452058,1,2.339007899533759e-09,8.551433799019642e-08,38.12997280461055,38.12997280461055,38.12997280461055,-3.9866244052619484,-31.059520768780253,20,-3.717612399143837,-29.293973350577396,-2.63564397114287,-4.309255674594885,-4.719074389491417,12.85805423850326,-12.72521082525215,-0.7779755712712678,2.5724205073184754,4.03374822227265,-3.602648893257258
3.749999999999698,2.7730188896144665,0.2861690577730169,0.2040555894691135,0.33967824785762657,18.65582708349829,-1.680544506626793,8.0,5.226981110385534,-7.999999774151799,7.999999774151799,1,1.884428989587035e-19,6.88948958070794e-18,38.12997280461055,38.12997280461055,38.12997280461055,-3.879982712432581,-35.40218611825865,20,-3.626517047454626,-33.144025122605825,-3.2215824551597336,-4.210506739878925,-4.19852359554202,13.598213154878264,-13.106959054748414,-0.7481309268755432,2.460084436532792,3.723350194968175,-3.4777688650541605
3.7999999999996925,2.783560102153669,0.304945398503725,0.21330065895312594,0.4094092469114593,13.320518216047565,-2.0292865255134904,8.0,5.216439897846331,-7.99999991374702,7.99999991374702,1,4.966643429297776e-17,2.0796663011022265e-16,38.12997280461055,38.12997280461055,38.12997280461055,-4.015406029341776,-34.33022003838395,20,-3.7966169335530173,-31.84509580964349,-5.242206434715712,-4.158860051505296,-3.5306547950443226,14.569644166930848,-12.340297780850456,-0.7207369054710691,2.37294034742563,3.4989007356163517,-3.387826073636364
3.849999999999687,2.79806520706857,0.3254791695977953,0.3349253110612532,0.30207418289957266,8.201847138224645,-1.00337383013942,8.0,5.20193479293143,-7.999999585150769,7.999999585150769,1,5.489985018791681e-07,1.986298124861374e-06,38.12997280461051,38.12997280461051,38.12997280461051,-1.2578663347582903,-5.583580916241601,20,-1.2005577542814634,-5.11432202931179,-5.799407930788659,-4.158115845370413,-3.4005791999000756,14.774498941232654,-12.041127239548278,-0.7137532819580726,2.3625680961067896,3.471317895510336,-3.3806982210887155
3.8999999999996815,2.819251266889373,0.34118529761612887,0.539063471499542,0.3334088914992475,5.506536282381516,-0.8616933743970256,8.0,5.180748733110627,-7.999990184441065,7.999990184441065,1,0.0014095922286715226,0.005016529783330736,38.12997230998436,38.12997230998436,38.12997230998436,0.46693047963269363,-21.01050506011405,20,0.4466741011623845,-20.01064816406085,-6.9108889581024044,-4.082051836786849,-3.2533979631599106,14.904083648807626,-11.22808310515169,-0.716339667133598,2.3675828120094624,3.4747673901755545,-3.3833045860489777
3.949999999999676,2.852215757895916,0.35662917337621297,0.7867858109459739,0.2822747080099172,3.9639124435860897,-0.20504377636678806,8.0,5.147784242104084,-5.4641834002808585,5.4641834002808585,1,0.12925920421885784,0.019963891975506826,38.11352106312535,38.11352106312535,38.11352106312535,0.997327391008406,-12.253981113828797,20,0.949183515604842,-11.674865476038622,-7.009477783734251,-4.010411483835032,-3.236658543211825,14.669442450964063,-10.995032012968833,-0.7231369631490988,2.397832326061733,3.4958277395035293,-3.40786635661924
3.9999999999996705,2.897535584251778,0.36513788314799916,1.042155659911102,0.05697018468401561,4.490375530477845,0.6308922063419645,8.0,5.102464415748222,-1.5767226872912201,1.5767226872912201,1,0.1038842972827653,0.016963508036770804,38.116804774318965,38.116804774318965,38.116804774318965,2.435669798809408,0.587471572218373,20,2.3588218275564476,0.5682512099048402,-7.018761863118518,-4.013636392237609,-3.233469442702149,14.688365115303101,-10.998405450310958,-0.7354542023527048,2.4777680074439337,3.542461454907667,-3.464438001618786
4.049999999999687,2.9511512744737742,0.36335487082065865,1.1036620594303426,-0.14486945449684188,4.067523637446901,-0.8079183915552357,8.0,5.048848725526225,-2.9498669278924017,2.9498669278924017,1,-0.0008641533655856754,0.003432231457353545,38.12991510094033,38.12991510094033,38.12991510094033,0.6753936179424556,-30.3765724672914,20,0.6618510091736565,-29.50565362163669,-6.314521153729154,-3.9090437658783816,-3.5766095021488566,13.602697142750015,-11.05857035940736,-0.7367560325361658,2.4971959939801125,3.553538166056521,-3.4740622179771594
4.099999999999704,3.0097555790541204,0.3516328906898011,1.2397690398610621,-0.322167876485683,0.5169119297741009,-1.705139839447329,8.0,4.99024442094588,-0.05372277009853857,0.05372277009853857,1,0.28376729259300504,1.32165884061839,38.11477125723161,38.11477125723161,38.11477125723161,1.0147493020220097,-30.020791046857454,20,0.9819697037285682,-29.126850675761645,-6.009681163531562,-3.8276030822611538,-3.4636255421119024,12.686060925627721,-10.91340526054827,-0.7412091608970611,2.5465020242272773,3.5926097243222377,-3.5116073769189873
4.149999999999721,3.115300535351748,0.3501384210288592,2.338580674736032,-0.0011598657544882856,0.05547886258989944,-0.11641004102992412,8.0,4.884699464648252,2.2075449673402074,-2.2075449673402074,1,-0.006048515385927901,-0.007996202423028075,38.129723147035364,38.129723147035364,38.129723147035364,22.258534474452386,26.858056906069034,20,21.707567437418646,25.382198825315285,-4.494523564878332,-3.7432400714640996,-4.002887254197799,12.66120195097798,-11.836808144541568,-0.7573106892391455,3.1557840438250695,3.6367430793121844,-3.71727250059993
4.199999999999737,3.2283579705808543,0.3401634508408643,2.187493087134568,-0.3982006256030841,-3.0631527941928915,-2.047916394151491,8.0,4.771642029419146,0.5050645851978574,-0.5050645851978574,1,-0.0003767544256254345,-0.0016971244230784524,38.12997267482586,38.12997267482586,38.12997267482586,-5.0162588463215485,-44.110645149686036,20,-4.183255169351938,-37.31166183051089,3.238276613230532,-3.4239407663050856,-4.58142475085299,7.64269902758427,-15.40462921190114,-0.722406671366894,2.523977078581174,3.0309498146231753,-3.149210224728161
4.249999999999754,3.3362416711129566,0.3122366999636813,2.126586934352428,-0.7151807362284629,-11.13968551709123,-3.604770868805986,8.0,4.6637583288870434,11.999992740652313,-11.999992740652313,1,-3.120304184348644e-05,3.572401771137419e-06,38.129972804354296,38.129972804354296,38.129972804354296,-3.063269448965554,-43.33752510428401,20,-2.682116672969612,-38.04116338648567,7.52638464490386,-3.2710726498200993,-4.177532194985288,4.487568882410693,-17.33121699717225,-0.7024629348289094,2.2118321008186586,2.767205313515551,-2.871714514099722
4.299999999999771,3.435059747259243,0.266407722163143,1.9330957259145007,-1.1265042581605371,-28.927710781041412,-8.469182171310617,8.0,4.564940252740757,-7.999999742812292,7.999999742812292,1,-1.915253379439657e-77,2.192752552018364e-78,38.12997280461055,38.12997280461055,38.12997280461055,3.2624157272233543,-72.69099334441101,20,2.7789633017976048,-51.45408689225094,-1.2072340237707149,-4.289182768914995,-1.1752352291953683,7.775869343993069,-13.952004312231939,-0.6712351095756612,2.1633147759900977,2.5212389627845733,-2.7073405498645466
4.349999999999787,3.5236900976811194,0.2524664236651184,1.7555772860393268,0.26789633710696475,-40.08084232858323,0.44803992578818364,8.0,4.476309902318881,0.3615028736406513,-0.3615028736406513,1,-7.68602263711557e-82,5.3840578652585365e-81,38.12997280461055,38.12997280461055,38.12997280461055,-9.175265740162192,134.0548124266524,20,-7.649342614263185,81.99964376772078,-17.023343598605138,-4.795293756973777,-6.103087306470786,12.207908482873968,-2.4054118380260956,-0.5829312160347901,1.4735873485654256,2.640576788794585,-2.135799016682215
4.399999999999804,3.6109028714121214,0.2561938094628878,1.7322728500254507,-0.0563614823313748,-38.73617771491197,0.7141504822822674,8.0,4.389097128587879,-1.2545151499703715,1.2545151499703715,1,-5.489210959003251e-76,3.845191568285049e-75,38.12997280461055,38.12997280461055,38.12997280461055,0.9936275782273813,3.7888208403055375,20,0.8791931871597896,3.16321714084295,-18.351955382596223,-4.82469093665635,-6.0272168581406005,12.577248925205343,-1.4350099789428032,-0.5804087112830759,1.4532125576176123,2.4899351995586922,-2.0835002714914372
4.449999999999821,3.6989426473554703,0.2474384020067524,1.7899064308187966,-0.29505970663474235,-34.218699928881456,2.445567632812001,8.0,4.30105735264453,0.417315798467413,-0.417315798467413,1,-5.271718686989102e-55,3.692838259811034e-54,38.12997280461055,38.12997280461055,38.12997280461055,1.548720084013982,26.842994076145303,20,1.4008920909533304,22.55332007629255,-26.428787416457087,-5.0491375387980435,-5.482957686173661,15.039615384821918,4.219134241518419,-0.5794551470903414,1.4407908401945597,2.302084170503224,-2.0305032359908015
4.4999999999998375,3.78782537830205,0.2280916864264429,1.76650210170209,-0.4886290577659735,-25.87495167409718,3.380792661155826,8.0,4.21217462169795,1.3754580315887068,-1.3754580315887068,1,-4.695955004999054e-28,3.289515875559347e-27,38.12997280461055,38.12997280461055,38.12997280461055,0.5199362500354296,24.935777888702983,20,0.4797977212091531,20.7218398571948,-32.09997184958159,-5.231093203965475,-4.8506014990782065,17.132354488141612,7.906214092439663,-0.578706345949477,1.4376227572770632,2.2494992595956815,-2.01457791919781
4.549999999999854,3.874439314112027,0.19917130018302645,1.6990611229302808,-0.6768436703821261,-15.269177963023706,4.037560894497634,8.0,4.125560685887973,2.377123404293329,-2.377123404293329,1,2.8794178003789913e-08,1.3713191271208512e-06,38.12997280461054,38.12997280461054,38.12997280461054,-0.09611843030114198,27.440743881027114,20,-0.09084095448040941,23.350130767747856,-35.69103237189939,-5.386022670143056,-4.167918150805829,18.991364979477556,9.84902125524601,-0.5788518362832838,1.437588972179114,2.2563130234132127,-2.0166220134010127
4.599999999999871,3.956485200520725,0.16106877769973335,1.5833373726266462,-0.8526808190023036,-2.9980873897829463,4.567790563928557,8.0,4.043514799479275,5.706088073280091,-5.706088073280091,1,1.087722339104781e-05,0.0004747591510170812,38.12997280193486,38.12997280193486,38.12997280193486,-0.7701929206548921,32.55065749579127,20,-0.7414324426418799,28.25348294817295,-37.32421998303154,-5.510649954445826,-3.416812584416917,20.647369964635363,10.171696913244428,-0.5800703255435161,1.431574345141136,2.2839965031698566,-2.0249762143250414
4.649999999999888,4.014018610306917,0.1488488838897835,0.7604343058696631,0.15563825083974553,0.5874339831588133,-0.8194566603871253,8.0,3.985981389693083,-4.228401933761043,4.228401933761043,1,-0.011262422303709864,-0.018149375686124687,38.12907739331495,38.12907739331495,38.12907739331495,-13.27035891432859,-66.28372202507366,20,-12.69621641711549,-58.50030341121892,-38.0677114930497,-5.519300145236493,-4.681432882058942,18.972658191463093,11.608265330497769,-0.6360532465942543,1.4451001336333222,2.5075682226850615,-2.2893977330107544
4.699999999999904,4.059769757227767,0.15107876131684359,1.1018860204439254,0.024385106531846862,0.03849344249449153,0.12924039509055132,8.0,3.940230242772233,-1.945851379723711,1.945851379723711,1,-0.1121904695908265,-0.31049490019895903,37.59340317412465,37.59340317412465,37.59340317412465,5.304330742747828,3.8298755834144327,20,5.215909015923459,3.7570602233218207,-37.881976932197865,-5.524278539647017,-4.690876590607946,18.972456113934285,11.466720195844589,-0.6444474609297965,1.4399912799039598,2.42567747672931,-2.231745587643402
4.749999999999921,4.120456460537801,0.15098145851039463,1.325254757429277,0.0013023433266797957,0.01000513590231378,0.0057532231040689176,8.0,3.8795435394621993,2.672501995837067,-2.672501995837067,1,-0.6036461357812046,-1.0073089860160191,34.71013175151493,34.71013175151493,34.71013175151493,3.8567854249403766,-7.103153692571505,20,3.8014536024088876,-6.988435518180895,-38.101892563079154,-5.514151455064722,-4.704262183833414,18.886354919633575,11.688227065911617,-0.6497243394929288,1.4943747899733948,2.4431076694257947,-2.2466179262857273
4.799999999999938,4.1801213375756285,0.15101709964704974,1.0612916626647586,0.0002460526753337691,-0.022155734972735926,-0.006139158312380614,8.0,3.8198786624243715,-1.6302601274895143,1.6302601274895143,1,-0.4766235327089285,-0.6523177645031406,36.27511684080454,36.27511684080454,36.27511684080454,-3.277108296482716,15.910231019067021,20,-3.206556601496156,15.52667191523102,-37.34237081028448,-5.472662461638801,-4.736485993243823,18.890486876925067,11.196094505503718,-0.6568729825578915,1.486885492119882,2.4674662865209798,-2.2881438843676163
4.849999999999954,4.236800537145558,0.1510171140980367,1.2057832330071991,-2.0243626279762868e-05,0.008738151859799039,0.005902704227363817,8.0,3.763199462854442,-0.6338866464387719,0.6338866464387719,1,-0.6723471666544991,-0.9629995564833741,33.495831894769076,33.495831894769076,33.495831894769076,2.530036428609373,-2.6121469022523334,20,2.4983655192134373,-2.5756556514645608,-37.43737585570445,-5.4706702026874385,-4.738268553255749,18.87095638529327,11.278572797883394,-0.6587185143191787,1.506317547619072,2.4588019278947617,-2.280108100731141
4.899999999999971,4.298323222003424,0.1510165780783971,1.2550342007617128,-4.350703305743523e-06,0.006522688858886934,-0.0010317442625952702,8.0,3.7016767779965756,0.7481441688511385,-0.7481441688511385,1,-0.7206527877042154,-1.0780526613216332,32.05956790673114,32.05956790673114,32.05956790673114,1.0309071526273432,-0.1739853382900984,20,1.0163247124512451,-0.17134671181051273,-37.44295129897581,-5.4706003612250775,-4.738367065591318,18.869185982914075,11.283689189174375,-0.6593858960789818,1.5210437038404845,2.465060211017872,-2.2837062116468374
4.949999999999988,4.3590253181640986,0.15101622937610726,1.1731286373793137,-1.5991971689525514e-07,-0.006241749924759373,-0.002041730391106127,8.0,3.6409746818359014,-1.1455427879521145,1.1455427879521145,1,-0.711535969002288,-0.8876371420594622,32.27196862453146,32.27196862453146,32.27196862453146,-0.7703318403618027,6.54549737283998,20,-0.7588230304584174,6.438508633160078,-37.19600472760441,-5.464967760414597,-4.741995296694141,18.906868031553724,11.092221358427125,-0.659802365118627,1.5141516763874046,2.464828661352533,-2.286253686140332
5.000000000000004,4.420128990371499,0.15101646534494942,1.270923981324947,6.255073872859244e-06,0.007574138840469798,0.002553567151111775,8.0,3.5798710096285014,1.1912969648483078,-1.1912969648483078,1,-0.6214276538890817,-0.8630352497802428,32.827922187639324,32.827922187639324,32.827922187639324,1.7103025474957705,-2.2545355119069606,20,1.6869138742451675,-2.2214716993100265,-37.26350597434873,-5.46318129619512,-4.743903085726528,18.882722736090194,11.157026905751932,-0.6614763665396969,1.5389288114200466,2.475510118627525,-2.2938482561754596
5.050000000000021,4.4805737804053996,0.15101620401249752,1.1469887730261505,2.948937562995646e-06,-0.009402890604152768,-0.003140932511245146,8.0,3.5194262195946004,-1.240138138854313,1.240138138854313,1,-0.6239330209626236,-0.6753960860640513,33.10432989506543,33.10432989506543,33.10432989506543,-1.3530299007523783,8.514468763410937,20,-1.3321207195910398,8.369960848364634,-36.934661679522804,-5.452504879249768,-4.751433887474537,18.918365109970356,10.914692228435477,-0.6627242609502992,1.5294637340176154,2.47765590506164,-2.3012417143165127
5.100000000000038,4.540599259114449,0.15101646708532793,1.2539360470497498,6.987040914779194e-06,0.007762663621084644,0.003241997246631357,8.0,3.4594007408855507,0.7337930596637899,-0.7337930596637899,1,-0.5804219299023421,-0.7001644456992654,32.86636499081739,32.86636499081739,32.86636499081739,1.86444644314922,-2.328308022492188,20,1.8405181660582923,-2.2959201680784678,-37.005312452619734,-5.450710170935415,-4.7532677867834,18.896031889607578,10.980791025263695,-0.6643973169380673,1.5526158428352317,2.4846718463131325,-2.3059423152542022
5.1500000000000545,4.601281369998413,0.15101621752075486,1.1734169979385858,-5.972198798750206e-07,-0.005444310993030235,-0.002584907999607788,8.0,3.3987186300015866,-1.0833598443688153,1.0833598443688153,1,-0.6198450376928949,-0.5997894726972285,32.2185831782644,32.2185831782644,32.2185831782644,-0.7641261328683886,6.228670824965842,20,-0.75329278030607,6.132503571459426,-36.78292030680443,-5.445505445078843,-4.756543690989354,18.92947180111285,10.808826053310707,-0.6648067589559656,1.5462038936328488,2.4845298518692815,-2.308435028630752
5.200000000000071,4.662252371182624,0.15101644988691443,1.2653341670250697,5.783656685338121e-06,0.007117717378050871,0.00240092612489867,8.0,3.337747628817376,1.0636455506136513,-1.0636455506136513,1,-0.5475394147917745,-0.5940590644416027,32.6615192764264,32.6615192764264,32.6615192764264,1.6124476152641192,-2.0500903628254292,20,1.5915999150051134,-2.0217282469230966,-36.84149031372907,-5.4440001881563305,-4.758147256042478,18.908927216514574,10.864767898688978,-0.6662709262122141,1.5680676039935544,2.4936502184711533,-2.31482793113012
5.250000000000088,4.722720912988599,0.1510162047520322,1.15351585568928,2.020172385683619e-06,-0.008417271156404907,-0.0028817908899512754,8.0,3.277279087011401,-1.1374627628558227,1.1374627628558227,1,-0.5558816649874098,-0.4443959057517889,32.81389897980709,32.81389897980709,32.81389897980709,-1.1973014851447439,7.746866659344361,20,-1.1799959047413895,7.6245487157742105,-36.56052749877507,-5.43522123611911,-4.764280358664331,18.940846853454925,10.65641105410632,-0.6672570341599312,1.5598707093590372,2.495193772145167,-2.3207130231098745
5.300000000000105,4.782828556366889,0.151016447229928,1.2507038549967302,6.065401374173463e-06,0.007081690759289626,0.0029321473745377033,8.0,3.217171443633111,0.6739176612055556,-0.6739176612055556,1,-0.5146093689944905,-0.4608599945428748,32.64597759802548,32.64597759802548,32.64597759802548,1.7065239502367828,-2.024263773917397,20,1.6856515060569928,-1.997547966710307,-36.619024547155654,-5.433805587139115,-4.7657427754776664,18.922507265852282,10.710953333355578,-0.668666166159018,1.5800463482666263,2.501338665161372,-2.3247154307448867
5.350000000000121,4.843491287474857,0.15101622076176296,1.1758696676298748,-6.224297026359896e-07,-0.005082238815758004,-0.0023747432008181624,8.0,3.1565087125251434,-1.0019546300820958,1.0019546300820958,1,-0.5445205515419167,-0.3654666463052347,32.099456203884024,32.099456203884024,32.099456203884024,-0.6978215991251684,5.811391751876836,20,-0.6884648413862591,5.726898764189602,-36.422745341562596,-5.429283849314188,-4.768577675755404,18.952220559103843,10.558965619900471,-0.6690122416738674,1.5744574208024684,2.501201293843569,-2.326848851978576
5.400000000000138,4.904391818721365,0.151016432709465,1.260070481222898,5.039391871888265e-06,0.006513786032670365,0.002215257313505688,8.0,3.095608181278635,0.9461787064162364,-0.9461787064162364,1,-0.48507819280024694,-0.3689114094153493,32.47564548592252,32.47564548592252,32.47564548592252,1.489410347674324,-1.7809819392835329,20,1.4711269465200907,-1.757647288568824,-36.471444462732805,-5.428097931879085,-4.769851724683689,18.935486947132542,10.605191846837291,-0.670250928148406,1.5934436113993113,2.5089126231560073,-2.332131160090599
5.450000000000155,4.964876196850897,0.1510162074321516,1.1594018571633011,1.3402090171267668e-06,-0.007544371192662848,-0.0026127917087547282,8.0,3.0351238031491032,-1.0214754089365066,1.0214754089365066,1,-0.4949569435088998,-0.24573165494700028,32.55977486518298,32.55977486518298,32.55977486518298,-1.0552006539305723,7.05616037849863,20,-1.0408803401479623,6.952059972034018,-36.23034084534011,-5.420873318055144,-4.774846274117442,18.964154040520963,10.425241367755977,-0.6710256685645271,1.58636756617147,2.510001502811664,-2.3368022390645495
5.500000000000171,5.025002559072431,0.15101642486766229,1.2455767094574512,5.0597662383869754e-06,0.006272660806581978,0.0026188808369830125,8.0,2.9749974409275692,0.5629218880619583,-0.5629218880619583,1,-0.4588661855678577,-0.25626025746817954,32.40687507157294,32.40687507157294,32.40687507157294,1.5359560656122415,-1.6271072678031573,20,1.5180603982144985,-1.6067205137742218,-36.27549235044849,-5.4198810213650965,-4.775889252459766,18.950384263643034,10.466981704911083,-0.6721551463340146,1.603439136056023,2.5150008844650347,-2.3398524569729577
5.550000000000188,5.085672543091189,0.15101622846589383,1.1812772660077608,-8.173889777481536e-07,-0.004310425140494365,-0.0020737351795131,8.0,2.9143274569088113,-0.8820439090299714,0.8820439090299714,1,-0.48120697991150396,-0.17185673107978364,31.918619504993984,31.918619504993984,31.918619504993984,-0.5652473496147827,5.173977976214511,20,-0.558104187640803,5.103413085927256,-36.110872119654715,-5.41638321124862,-4.778012577408597,18.97651729266894,10.338412239949024,-0.6723884858916356,1.5989958108153348,2.514764061032576,-2.341329738643162
5.600000000000205,5.146558670906536,0.15101640982544406,1.254097534557789,4.031215092426169e-06,0.005659666487308026,0.001908125428434563,8.0,2.8534413290934637,0.8114782303416471,-0.8114782303416471,1,-0.43281421806735537,-0.17799721684185732,32.24241986966226,32.24241986966226,32.24241986966226,1.3159907298970102,-1.351827629381001,20,1.3006000335768584,-1.3350002675746764,-36.14643973926605,-5.41561296315946,-4.778861286039373,18.964665226055786,10.371830707137255,-0.6733542420232979,1.6147632146908366,2.5210081246838767,-2.3454160876308
5.6500000000002215,5.207064293323778,0.15101621244807767,1.1662123902291184,7.444094030566696e-07,-0.00657957938020769,-0.002272601919612402,8.0,2.7929357066762224,-0.8487227492159388,0.8487227492159388,1,-0.44156856334933153,-0.0758493264873074,32.292565103684645,32.292565103684645,32.292565103684645,-0.8911940813860726,6.311225095407661,20,-0.8798395220885569,6.2242303823454215,-35.943320871314135,-5.4099256243024545,-4.782724662091822,18.990468010734617,10.218739564723156,-0.6739166204882752,1.6088234314782863,2.52164093108467,-2.348865284072606
5.700000000000238,5.26712107365474,0.1510163923369842,1.2359989838087033,3.6944665433979744e-06,0.005009079075513041,0.0022059599463252256,8.0,2.7328789263452604,0.33402362426023136,-0.33402362426023136,1,-0.4137365508451819,-0.07688312788399278,32.08578729327897,32.08578729327897,32.08578729327897,1.2966885427519164,-0.9351629616134929,20,1.282324723136032,-0.9240451589230076,-35.9686289305943,-5.4094926444910865,-4.783201085740097,18.983304057016678,10.241650909829422,-0.6746802038991385,1.6219523190509244,2.5249413130524667,-2.3504602274251503
5.750000000000255,5.327855698170389,0.1510162488967145,1.1934192241940655,-1.1145891346891812e-06,-0.002629036141046492,-0.0015320289338047596,8.0,2.6721443018296114,-0.6716801690578265,0.6716801690578265,1,-0.4266572241997204,-0.011409296073643082,31.64570395977078,31.64570395977078,31.64570395977078,-0.28072799887567257,4.006323470434147,20,-0.27741376601664847,3.95559149837139,-35.85027663200755,-5.407611188900863,-4.784173137305011,19.004846689330986,10.146777605800358,-0.6747448702413085,1.6196566752296906,2.5246310457806356,-2.3509154196428717
5.800000000000272,5.3888488109263,0.15101637429302228,1.2462529467652055,2.4777245442070154e-06,0.004212612330128542,0.0013207982109932595,8.0,2.6111511890737003,0.6302270196973877,-0.6302270196973877,1,-0.3899372059672311,-0.01299423014915275,31.918860112641106,31.918860112641106,31.918860112641106,1.0215635532835594,-0.5597085497767313,20,1.0101085216746206,-0.5530527641776999,-35.864553568198126,-5.407382647901519,-4.784447451320947,19.000330337727338,10.159941743403955,-0.6753409126467479,1.6311364416008607,2.5291066985999655,-2.353560706407358
5.850000000000288,5.44939251031851,0.15101622185742383,1.1755647431063816,2.3595990474561624e-07,-0.005348158765836997,-0.001756414850360339,8.0,2.5506074896814903,-0.6499317263466117,0.6499317263466117,1,-0.39454075016745904,0.06975622121849108,31.9819751429145,31.9819751429145,31.9819751429145,-0.6675798229608458,5.378047733908913,20,-0.6596225692660633,5.309052514062996,-35.70225763068555,-5.403407647984705,-4.787045986601917,19.02332757480563,10.035478931489564,-0.6756679873178772,1.6265865823399799,2.5292547726761376,-2.355641564182688
5.900000000000305,5.509444689691354,0.151016359080876,1.226480609939783,2.383225756362384e-06,0.0035870229821813584,0.0017019107327664914,8.0,2.490555310308646,0.11242402813212808,-0.11242402813212808,1,-0.3728386441257942,0.0792744824514723,31.787310216491885,31.787310216491885,31.787310216491885,1.0228990897830386,-0.14746223765112698,20,1.0120546233024816,-0.14578821793934682,-35.70616107823668,-5.403363457151793,-4.787100114920395,19.02231241614525,10.03893036999426,-0.6761090755078781,1.6360121281462539,2.5312279005920546,-2.3561639300676815
5.950000000000322,5.570229585140811,0.15101627232709514,1.2049284417216528,-9.75886139501324e-07,-0.0010442123723143069,-0.000969610411419874,8.0,2.429770414859189,-0.40426466885060214,0.40426466885060214,1,-0.37527004065058034,0.12556157688198813,31.48804370171372,31.48804370171372,31.48804370171372,-0.005564149804693219,2.8989179831451994,20,-0.005502371008788476,2.8645876760271203,-35.626550382530326,-5.4025752005120635,-4.787338900092041,19.038832427915356,9.973300294854392,-0.6761093848624682,1.6359649313433067,2.5312182289809497,-2.3561677875155365
6.000000000000338,5.631163135115791,0.15101633088111774,1.2323858016659066,9.814469371184406e-07,0.002274133468496054,0.000665055733565026,8.0,2.3688368648842086,0.29260210904626605,-0.29260210904626605,1,-0.35290205413354847,0.13651409508483406,31.605861064234173,31.605861064234173,31.605861064234173,0.6608133056980803,0.5568005870752477,20,0.6537087380221798,0.5504566983037671,-35.612485596859365,-5.402675933627554,-4.7871761303120115,19.042769379162667,9.960795088409395,-0.6763504432143853,1.6426054751673118,2.5334981680196305,-2.3571620097847283
6.050000000000355,5.691815097592541,0.15101624599584057,1.1937311382041078,-3.472924869457679e-07,-0.0028854071806481718,-0.0009426629096482684,8.0,2.3081849024074588,-0.41773281490343006,0.41773281490343006,1,-0.3524164642218838,0.1929002404153825,31.580062576197825,31.580062576197825,31.580062576197825,-0.24245391601852262,3.735515611861633,20,-0.23978238577464883,3.691534678758554,-35.509063988681,-5.40103997687976,-4.788050572011119,19.061297505721534,9.87804251047071,-0.6764031383741163,1.640773876293209,2.533288299324037,-2.357560876537014
