0,113.374450557,1,42.044994755463456
1,9.893198136,0,48.74566734313965
2,70.992792175,0,41.53948941076523
3,58.606567674000004,0,41.96189550890427
4,6.719368166000001,0,50.74828260085162
5,108.90455894600001,0,41.736252319714254
6,36.490891808,0,42.30833819655121
7,82.733091759,0,41.0731958505584
8,12.401200595,0,44.41301339622436
0,3.767072107,1,16.249061058729122
1,5.509234612,0,16.907652650560653
2,4.101240730000001,0,27.240048976171586
3,3.2999752420000004,0,17.740736610749188
4,3.582137873,0,28.30774634414249
0,10.585682437000001,1,102.92533538497497
1,8.029673604000001,0,60.29443146586418
2,7.101806715,0,58.46357652213838
3,3.22689685,0,54.146092956716366
4,22.761525005000003,0,57.03182921806971
5,5.6020722130000005,0,94.05972106414929
6,17.204344322,0,57.98438263215082
7,6.3043801120000005,0,53.16923933848739
8,4.7065973020000005,0,45.49165882666906
9,5.6036157310000005,0,58.16991662769987
10,1.20518313,1,56.03205416752742
11,5.3833805560000005,0,52.75140327973799
12,2.1021756160000002,0,72.93929035013372
13,3.002916602,0,63.90715100688319
14,2.302599771,0,84.62002325057983
15,16.547751542,0,63.48525158514887
16,3.8452138070000004,0,48.54003282082387
17,4.621366791000001,0,47.296638356878404
18,7.038364324000001,0,43.9139682497297
19,30.126466472,0,63.411004202023
20,2.305520563,1,51.9715940952301
21,5.4392784590000005,0,45.496069899472324
22,4.6915954740000005,0,57.343486582979246
23,1.517508949,0,71.70873156189919
24,3.92425242,0,46.830592608451845
25,3.703644155,0,53.7003369080393
26,4.846342947,0,79.74725177336713
27,3.203745967,0,52.900054050214365
28,11.417594214000001,0,60.853098120605736
29,7.557541366000001,0,48.465204665535374
30,1.205814937,1,62.38825592627892
31,2.1649349090000003,0,52.03595419363542
32,7.10130771,0,51.378321727116905
33,6.203598406,0,65.22067177863349
34,10.457994962,0,61.27461258797418
35,4.7104943950000004,0,56.37968002756437
36,3.6244479600000004,0,47.63449377626986
37,1.4077250140000002,0,76.97759405771892
38,1.410246155,0,69.20761397679647
39,1.90374948,0,46.758212661743165
40,21.625973075,1,59.3848721783282
41,1.130073206,0,71.99947373072307
42,2.308622064,0,54.393378833929695
43,13.701471746000001,0,54.40778405078943
44,6.503927723,0,61.08798116626161
45,1.4024069840000002,0,68.57446953455607
46,2.102682611,0,65.29046403278004
47,9.605847209,0,63.592042028289484
48,3.302824231,0,53.87927710308748
49,4.103032075000001,0,61.803378661473594
50,4.204035103,1,71.02673893196638
51,8.58798831,0,57.9109493946207
52,10.403142088000001,0,53.42470400674002
53,2.4034356160000003,0,44.56110424995423
54,4.303040707,0,60.2126490094445
55,6.302818533000001,0,46.176523096859455
56,4.403803281,0,41.91686902576023
57,4.903288604,0,50.97688164234162
58,7.202799616,0,51.36794406747165
59,2.903823683,0,46.387272183100386
60,6.805308275000001,1,60.09154742697011
61,9.702772209,0,51.72583965865933
62,6.203633001,0,51.561327010866194
63,1.7032957050000002,0,47.23782181739807
64,1.603075456,0,48.04421043395996
65,15.802926029000002,0,58.365913094214676
66,1.603554645,0,52.5904504551607
67,12.103829768,0,48.984324443535726
68,5.003170786,0,52.94551835340612
69,2.202830107,0,75.01803016662598
70,3.3050288400000003,1,71.38047860650455
71,5.803150496000001,0,55.22901731426433
72,3.900938806,0,54.32943773269653
73,15.704554588,0,53.90835104411161
74,7.304031914,0,57.49366770886086
75,6.507071204000001,0,57.56092060334755
76,7.8900160260000005,0,58.435936514335346
77,6.100627793,0,64.06793227887923
78,8.133126116,0,53.286039329156644
79,2.800463166,0,54.182885465950804
80,1.308066369,1,58.424930572509766
81,6.547976181,0,58.98817352815108
82,9.635934303,0,58.158455674181276
83,2.905317057,0,39.00217990875244
84,3.5006345330000004,0,67.88330790731642
85,1.500955961,0,55.31876257061958
86,5.801224304000001,0,60.00689299631927
87,1.5093294290000001,0,50.758815318346024
88,1.2086730810000001,0,52.20141531870915
89,3.1991566390000004,0,60.257768732128724
90,9.805419239,1,57.792313773222645
91,8.49764835,0,63.12233765180721
92,8.101004196,0,67.48547243781206
93,20.339418512,0,58.1073729430928
94,3.4076978660000004,0,50.609188897269114
95,3.0017565110000004,0,44.984641505825905
96,14.003946775000001,0,46.556239315804014
97,9.20082245,0,67.59305555589738
98,7.704935881000001,0,58.99990325096326
99,4.900771798,0,55.23739251613617
100,3.0371323780000004,1,70.22455046253819
101,7.099987872000001,0,55.2717053062386
102,5.901184303,0,54.266826152801514
103,5.900823428000001,0,60.77273008823395
104,2.2020694300000003,0,63.52275923024053
105,6.203530091,0,56.01130658861191
106,9.13337963,0,53.525790758754894
107,2.60337226,0,50.35251961814033
108,7.203597323,0,65.4286925760034
109,6.4576991790000005,0,48.55050982695359
110,5.263813041000001,1,61.96862898232802
111,2.620905216,0,58.57776791961105
112,4.638842448,0,57.4907227982866
113,12.014706275,0,56.62524066964785
114,7.0716625980000005,0,46.334395616826875
115,3.1387648880000003,0,54.912271201610565
116,2.9388104680000002,0,66.27379932403565
117,5.964717674,0,50.519383772214255
118,7.470981347,0,57.50330540339152
119,2.4322281990000003,0,59.56615947723389
120,4.537628505000001,1,67.1029194334279
121,1.7496123080000001,0,53.47412406073676
122,4.255574950000001,0,52.31320700534555
123,17.034738937,0,57.63440799995287
124,8.987183498,0,50.11048845450083
125,3.1350841870000004,0,65.84309807419777
126,6.072073565,0,51.94362810009816
127,5.662893125,0,52.337188285693784
128,7.516638544,0,48.57307077407837
129,5.553900799,0,57.887226019586834
130,2.011418914,1,53.148233549935476
131,2.521693414,0,43.99460528447078
132,2.435870507,0,52.9572615146637
133,29.316596141,0,56.91279395855327
134,1.0099739840000002,0,47.24889612197876
135,4.826783141,0,103.80462912150792
136,1.908438273,0,59.9388473033905
137,7.6332570870000005,0,97.10002884307465
138,3.221882002,0,54.47658655860207
139,10.263390728000001,0,49.140446216157336
140,1.5273647590000001,1,59.23313841223717
140,1.378646846,1,61.80045459951673
140,7.473004532,1,76.79141008694967
141,10.424817198000001,0,48.02458326248895
142,3.236691239,0,56.36154969533285
143,14.359933869,0,63.56805093089739
144,3.4607346060000004,0,53.82448341505868
145,7.167180170000001,0,63.19131509462992
146,2.3329666000000002,0,45.93066264192263
147,4.019070322,0,49.47545110888598
148,1.8167974400000002,0,62.63941077182167
149,2.521811919,0,50.35255857614371
150,6.344395728,1,57.97594854980707
150,0.515785357,1,46.57330803076426
151,1.825659681,0,42.37041127054315
152,6.085678105,0,55.37487910223789
153,2.417780033,0,70.64878555297851
154,11.011160826000001,0,51.922951676628806
155,2.7122244770000004,0,79.98103489194598
156,10.434690678,0,49.924213413965134
157,1.9295506230000001,0,69.9383463382721
158,4.853529168000001,0,55.32050355599851
159,3.63138042,0,60.72305462811444
160,2.834828151,1,55.47161475543318
160,0.108123749,1,70.87808418273926
161,5.3550936590000005,0,54.124819976312146
162,3.2426743100000004,0,50.803031762441
163,3.1495077510000002,0,43.49965885281563
164,1.5194603450000002,0,58.423497185111046
165,4.965443729,0,84.23876841545105
166,13.484474196,0,56.43175279204525
167,4.260601980000001,0,63.84818331862605
168,1.7360690890000001,0,43.80020787980821
169,11.330589369,0,56.650645960748726
170,3.453269837,1,57.420556913103376
171,1.808509372,0,71.14152100211696
172,4.018831168,0,61.13640452594292
173,10.911418364000001,0,52.964000229441794
174,2.131044821,0,48.56254477934404
175,1.2155779370000002,0,76.46987166771522
176,4.340360938,0,60.27838239344683
177,7.0585985760000005,0,65.15496641145626
178,6.2329535840000005,0,53.56007066984025
179,12.502896155,0,59.29499754142761
180,3.3673170470000002,1,40.282229107968945
181,2.534620432,0,59.09811755327078
182,3.6324325060000002,0,64.46762136188713
183,2.631784428,0,48.49806471224184
184,4.535088423,0,42.02546313534612
185,4.440236555,0,62.25805082321167
186,3.51986048,0,73.3243140776952
187,5.24285563,0,47.2574930820825
188,5.9405873950000005,0,55.00077451864878
189,8.487187395000001,0,56.487713062061985
190,1.9258881680000002,1,59.26222627162933
190,0.8302846730000001,1,46.192905796898735
191,11.188139311,0,55.364368580083934
192,9.380330478000001,0,44.38599816281745
193,3.5271713910000004,0,85.01236089070638
194,4.56507913,0,47.45082407412322
195,10.063827815,0,45.767915971208325
196,1.8168484930000002,0,58.403992903859994
197,2.207814008,0,62.663007134976596
198,7.936582596000001,0,46.771584457159044
199,2.2161414830000004,0,69.02393639605978
200,10.033632033,1,55.61392832687586
201,3.1074598640000004,0,52.22788265347481
202,6.32660186,0,52.676073741167784
203,1.5168452430000001,0,45.89136639237404
204,7.5754750930000005,0,47.42499051909698
205,7.766274626,0,57.33892427346645
206,19.287481884,0,57.634446891478305
207,4.968786303,0,39.25295097351074
208,6.171658562,0,41.29003587076741
209,2.6257255,0,48.6645567505448
210,3.623103307,1,52.58271063985051
211,10.152924667,0,50.2151620151973
212,2.63342832,0,52.21844065630877
213,5.750056843,0,56.83961625345822
214,9.783786953,0,56.65961103779929
215,5.541566056000001,0,58.89160461936678
216,3.643214136,0,54.65716907140371
217,5.956764877,0,48.80029750665029
218,25.482141813000002,0,63.24562172927404
219,20.569754882,0,56.095359339297396
220,10.428837292,1,57.41257451130794
221,3.013656173,0,48.68258256296958
222,4.737121748,0,53.43783922493458
223,12.627575798,0,54.986590924717134
224,3.529795952,0,61.6058722337087
225,1.21962111,0,58.872609065129204
226,10.903822484,0,54.08729184439423
227,4.151527141,0,68.0133318560464
228,4.547925933,0,45.780845103056535
229,3.949908541,0,56.71107833385467
230,25.95945259,1,47.96685596046301
231,11.60119746,0,51.71598959987999
232,4.046072533,0,66.69376232565904
233,5.240687054,0,50.146436898213516
234,4.324830078000001,0,75.63412880897522
235,8.059218063000001,0,61.557025208885285
236,3.627294925,0,59.4317929680283
237,6.653822172000001,0,64.01487161864095
238,6.945585156000001,0,60.74924227850778
239,3.984496816,0,45.35549941658974
240,7.923639768,1,67.98674069778829
240,3.456500741,1,69.97857443945749
241,16.6480973,0,48.46353970601887
242,4.655696901000001,0,87.3452552835992
243,13.684355971,0,59.23401722333727
244,10.623177522,0,55.573084237440575
245,8.225201593000001,0,51.27262718706246
246,9.422644057000001,0,51.46824057980588
247,8.247842341,0,50.95295592388475
248,5.667209440000001,0,54.696446673911915
249,2.815501593,0,68.12437924023332
250,12.763718988,1,49.969288032501936
251,4.744998808,0,56.30040789643923
252,2.236975773,0,61.32457946694416
253,19.322859503,0,53.83962902302543
254,16.486487237000002,0,52.835704826727145
255,18.274170457,0,54.43769189813635
256,2.7390960520000003,0,58.576171168259215
257,15.942581005000001,0,51.495938361065946
258,7.147877993000001,0,51.22230953640408
259,39.092621888000004,0,53.74290727585861
260,15.564755161,1,55.65078225904895
261,5.7605069250000005,0,48.57875382489171
262,1.82022291,0,45.529182835629115
263,1.520067756,0,63.043195366859436
264,1.316491074,0,55.980070625032695
265,1.512214194,0,68.25105088949203
266,2.338256057,0,52.4502827723821
267,1.213641688,0,53.91830902833205
268,1.6163446620000002,0,53.848792160258576
269,8.314147251000001,0,54.26854865809521
270,1.431902856,1,49.02331070899963
271,4.768786535,0,60.252877006928124
272,1.4169668370000001,0,47.7186315536499
273,16.344956293000003,0,53.96353165796198
274,6.566822834000001,0,56.749942728967376
275,3.939262868,0,53.939734196662904
276,30.204092989000003,0,53.14257986942927
277,1.1115466,0,58.28297567367554
278,3.3521630460000003,0,37.98921652401195
279,9.375641527,0,49.614950748200116
280,4.743182762,1,48.33372738957405
281,1.822945784,0,73.8533271362907
282,3.9445457050000003,0,55.50086357593536
283,13.376699136000001,0,55.86650684901646
284,19.957731017,0,51.22197205430329
285,4.7528104650000005,0,52.52373484770457
286,13.008879420000001,0,52.30060791599658
287,4.4482741610000005,0,56.202348168690996
288,1.6317794410000002,0,53.44371672237621
289,2.33387088,0,53.8507910768191
290,1.7259020500000002,1,46.270090871387055
291,4.451119023,0,52.92920423083835
292,4.476470351000001,0,54.765439637502034
293,6.612649578,0,58.56520324403589
294,3.599562331,0,59.14495720465978
295,1.534551167,0,60.68043139576912
296,2.349630954,0,56.42187136411667
297,4.688359685,0,58.57967055097539
298,16.99459675,0,52.97724984515281
299,1.640587915,0,69.37218509702122
300,5.1064935160000005,1,60.2499119347217
301,7.256918093,0,60.1623695212252
302,3.0944374310000002,0,58.05497292814584
303,3.9130692130000004,0,48.62743613526628
304,5.94828545,0,52.32488120879446
305,5.840371532000001,0,54.58427031256936
306,5.3964103670000005,0,74.96462176827823
307,6.7633380050000005,0,44.02084429562092
308,3.25725796,0,43.77587593755415
309,14.870067216,0,50.530001980917795
310,2.809430232,1,63.65279981825087
